timestamp,close,macd,macd_signal,macd_histogram,macd_zscore,histogram_zscore,adx,rsi
2024-01-01 09:00:00,58839000.0,,,,0.0,0.0,,
2024-01-02 09:00:00,60206000.0,,,,0.0,0.0,,
2024-01-03 09:00:00,58581000.0,,,,0.0,0.0,,
2024-01-04 09:00:00,59477000.0,,,,0.0,0.0,,
2024-01-05 09:00:00,59351000.0,,,,0.0,0.0,,
2024-01-06 09:00:00,59329000.0,,,,0.0,0.0,,
2024-01-07 09:00:00,59108000.0,,,,0.0,0.0,,
2024-01-08 09:00:00,63010000.0,,,,0.0,0.0,,
2024-01-09 09:00:00,62014000.0,,,,0.0,0.0,,
2024-01-10 09:00:00,63621000.0,,,,0.0,0.0,,
2024-01-11 09:00:00,63550000.0,,,,0.0,0.0,,
2024-01-12 09:00:00,59435000.0,,,,0.0,0.0,,
2024-01-13 09:00:00,58968000.0,,,,0.0,0.0,,
2024-01-14 09:00:00,57391000.0,,,,0.0,0.0,,
2024-01-15 09:00:00,58354000.0,,,,0.0,0.0,,48.64940128098023
2024-01-16 09:00:00,59196000.0,,,,0.0,0.0,,51.11805320489554
2024-01-17 09:00:00,58776000.0,,,,0.0,0.0,,49.8311752532677
2024-01-18 09:00:00,57284000.0,,,,0.0,0.0,,45.45358220297332
2024-01-19 09:00:00,57739000.0,,,,0.0,0.0,,46.98317294281367
2024-01-20 09:00:00,57517000.0,,,,0.0,0.0,,46.30095177444347
2024-01-21 09:00:00,57387000.0,,,,0.0,0.0,,45.88081659500694
2024-01-22 09:00:00,54689000.0,,,,0.0,0.0,,38.14479473714474
2024-01-23 09:00:00,55389000.0,,,,0.0,0.0,,40.92777824448793
2024-01-24 09:00:00,55200000.0,,,,0.0,0.0,,40.399264499746586
2024-01-25 09:00:00,55101000.0,,,,0.0,0.0,,40.10710667426061
2024-01-26 09:00:00,57503000.0,,,,0.0,0.0,,49.62575177561867
2024-01-27 09:00:00,58086000.0,,,,0.0,0.0,,51.63490083609401
2024-01-28 09:00:00,57855000.0,,,,0.0,0.0,19.597403731174758,50.77083664090094
2024-01-29 09:00:00,59101000.0,,,,0.0,0.0,18.586835866192448,55.1322541161165
2024-01-30 09:00:00,58965000.0,,,,0.0,0.0,17.27334947727797,54.564033197125006
2024-01-31 09:00:00,58738000.0,,,,0.0,0.0,16.268883643983052,53.57156312467058
2024-02-01 09:00:00,59150000.0,,,,0.0,0.0,15.574918196974313,55.16552909849278
2024-02-02 09:00:00,59299000.0,,,,0.0,0.0,14.778189231201551,55.7571073959622
2024-02-03 09:00:00,59260000.0,-354898.3777786344,-972808.9493680903,617910.5715894558,0.0,0.0,14.038369477269702,55.55049748106676
2024-02-04 09:00:00,58811000.0,-299339.38467112184,-838115.0364286966,538775.6517575748,0.0,0.0,13.672557007507832,53.1104551305058
2024-02-05 09:00:00,58882000.0,-246735.16631428152,-719839.0624058136,473103.8960915321,0.0,0.0,12.965819395913021,53.45858849962421
2024-02-06 09:00:00,59039000.0,-190185.02183169872,-613908.2542909906,423723.23245929193,0.0,0.0,12.30956304228927,54.26716981493085
2024-02-07 09:00:00,60232000.0,-48543.91123330593,-500835.3856794537,452291.4744461478,0.0,0.0,11.906145175308987,59.959718433746986
2024-02-08 09:00:00,62011000.0,204896.20574530214,-359689.0673945026,564585.2731398047,0.0,0.0,12.658520719639082,66.63013949311222
2024-02-09 09:00:00,63682000.0,534424.5457627848,-180866.34476304508,715290.8905258299,0.0,0.0,14.550381030995108,71.44253169836465
2024-02-10 09:00:00,64549000.0,855674.1050840244,26441.745206368825,829232.3598776555,0.0,0.0,16.30710846296856,73.5721228504018
2024-02-11 09:00:00,65230000.0,1151938.8697364628,251541.17011238763,900397.6996240752,0.0,0.0,18.166168781844426,75.14026600108556
2024-02-12 09:00:00,67002000.0,1512283.7552079037,503689.6871314908,1008594.0680764129,0.0,0.0,20.520377431225295,78.68448497128443
2024-02-13 09:00:00,67309000.0,1801861.2722558007,763324.0041563527,1038537.268099448,0.0,0.0,22.779742403839823,79.23678864813837
2024-02-14 09:00:00,70199000.0,2238745.5232505277,1058408.3079751877,1180337.21527534,0.0,0.0,25.520604892978586,83.55623052387614
2024-02-15 09:00:00,71253000.0,2639600.7566708922,1374646.7977143286,1264953.9589565636,0.0,0.0,28.42587489567735,84.79831805721639
2024-02-16 09:00:00,72128000.0,2993380.7742319107,1698393.593017845,1294987.1812140658,0.0,0.0,31.172642163865785,85.75996157765245
2024-02-17 09:00:00,71530000.0,3188742.5455491543,1996463.3835241068,1192279.1620250475,0.0,0.0,32.72526990135121,81.9447265846521
2024-02-18 09:00:00,71964000.0,3340085.8986262083,2265187.886544527,1074898.0120816813,0.0,0.0,34.16699565758768,82.55142101446296
2024-02-19 09:00:00,71755000.0,3403923.7291153297,2492935.0550586875,910988.6740566422,0.0,0.0,35.57420383184495,81.1374883169619
2024-02-20 09:00:00,72191000.0,3449928.596545674,2684333.763356085,765594.833189589,0.0,0.0,36.23963521552095,81.83641348207034
2024-02-21 09:00:00,72397000.0,3463089.918930739,2840084.994471016,623004.9244597233,0.0,0.0,36.85753578607723,82.17252728740777
2024-02-22 09:00:00,71601000.0,3370437.5086178407,2946155.497300381,424282.01131745987,0.0,0.0,37.431300601593776,76.2973028662413
2024-02-23 09:00:00,70805000.0,3195938.469100699,2996112.0916604446,199826.3774402542,0.0,0.0,37.18596784966242,70.84253127439527
2024-02-24 09:00:00,71107000.0,3046892.9142755717,3006268.25618347,40624.65809210157,0.0,0.0,36.84817504972501,71.67007577281117
2024-02-25 09:00:00,71256000.0,2907282.9449478984,2986471.193936356,-79188.24898845749,0.0,0.0,36.600060160890855,72.09094834640143
2024-02-26 09:00:00,74742000.0,3042855.9553612918,2997748.146221343,45107.809139948804,0.0,0.0,37.703026815757305,79.69231178255933
2024-02-27 09:00:00,78619000.0,3423674.05804573,3082933.3285862203,340740.7294595097,0.0,0.0,39.65359937269909,84.68744592065313
2024-02-28 09:00:00,87634000.0,4402164.889971763,3346779.6408633287,1055385.2491084342,0.0,0.0,42.44328843123559,90.52408166702351
2024-02-29 09:00:00,85910000.0,4981094.5743585825,3673642.6275623795,1307451.946796203,0.0,0.0,45.13572840260124,83.93514948982491
2024-03-01 09:00:00,87397000.0,5496528.434498012,4038219.788949506,1458308.6455485062,0.0,0.0,47.63585123315506,84.95250668049432
2024-03-02 09:00:00,86383000.0,5756830.99233377,4381942.029626358,1374888.9627074115,0.0,0.0,49.95739386152646,81.1772808141539
2024-03-03 09:00:00,87982000.0,6022722.3867369,4710098.101048467,1312624.2856884329,0.0,0.0,51.408361528093906,82.49811064245809
2024-03-04 09:00:00,95500000.0,6762133.338058591,5120505.148450492,1641628.189608099,0.0,0.0,53.37411699468384,87.08639670509056
2024-03-05 09:00:00,91275000.0,6927345.526837036,5481873.224127801,1445472.3027092349,0.0,0.0,55.2825158396899,75.1611340733719
2024-03-06 09:00:00,93325000.0,7141373.930844799,5813773.365471201,1327600.5653735977,0.0,0.0,57.05460048148125,76.81975622358478
2024-03-07 09:00:00,94060000.0,7286309.302294239,6108280.552835809,1178028.7494584303,0.0,0.0,58.74745640628719,77.4023909288626
2024-03-08 09:00:00,96237000.0,7490491.6098139435,6384722.764231436,1105768.8455825076,0.0,0.0,60.48289915929684,79.0796604450974
2024-03-09 09:00:00,95946000.0,7541888.100208998,6616155.831426948,925732.2687820494,0.0,0.0,62.09438171566295,78.24365570600148
2024-03-10 09:00:00,97495000.0,7619775.514618695,6816879.768065298,802895.7465533968,0.0,0.0,63.698355766932785,79.48679710967181
2024-03-11 09:00:00,100404000.0,7826020.34910357,7018707.884272953,807312.4648306174,0.0,0.0,65.34415888515878,81.6117617916988
2024-03-12 09:00:00,101200000.0,7961921.340804219,7207350.5755792055,754570.7652250137,0.0,0.0,66.88906468082435,82.1564567658058
2024-03-13 09:00:00,104122000.0,8210756.347512081,7408031.729965781,802724.6175463004,0.0,0.0,68.42048532967074,84.02693759943936
2024-03-14 09:00:00,102506000.0,8183230.995530933,7563071.583078811,620159.4124521222,0.0,0.0,69.3186819235444,79.08912328300754
2024-03-15 09:00:00,101000000.0,7948272.603004038,7640111.787063857,308160.8159401817,0.0,0.0,67.97121473133483,74.68444037967508
2024-03-16 09:00:00,96767000.0,7335934.573497176,7579276.3443505205,-243341.77085334435,0.0,0.0,66.71999519571165,63.91042538766234
2024-03-17 09:00:00,99922000.0,7024263.0737582,7468273.690232056,-444010.6164738564,0.0,0.0,64.92820096080565,67.65567923036011
2024-03-18 09:00:00,99040000.0,6629668.444917023,7300552.64116905,-670884.1962520266,0.0,0.0,63.264392028392955,65.60594938528244
2024-03-19 09:00:00,92572000.0,5728995.519814491,6986241.216898138,-1257245.6970836464,0.0,0.0,59.55774124424084,52.939419539213716
2024-03-20 09:00:00,99726000.0,5528741.854622304,6694741.344442971,-1165999.4898206666,0.0,0.0,55.460852565068365,61.738545088963804
2024-03-21 09:00:00,95552000.0,4975873.691242427,6350967.813802863,-1375094.122560436,0.0,0.0,51.65659879155106,55.24792220535512
2024-03-22 09:00:00,93855000.0,4350636.54111582,5950901.559265454,-1600265.018149634,0.0,0.0,48.60090828268166,52.81674989942445
2024-03-23 09:00:00,93274000.0,3764850.8931121677,5513691.426034797,-1748840.5329226293,0.0,0.0,45.76348138158865,51.973491535900415
2024-03-24 09:00:00,96624000.0,3530234.207147911,5116999.98225742,-1586765.775109509,0.0,0.0,42.59051974641875,56.30531686477775
2024-03-25 09:00:00,99202000.0,3511839.547692746,4795967.8953444855,-1284128.3476517396,0.0,0.0,40.382040053486925,59.34433818155894
2024-03-26 09:00:00,100051000.0,3525133.309684381,4541800.978212465,-1016667.6685280837,0.0,0.0,38.4108816480422,60.32304573381053
2024-03-27 09:00:00,99890000.0,3482532.8860631883,4329947.359782609,-847414.4737194208,0.0,0.0,36.876049636148515,60.02793285567333
2024-03-28 09:00:00,100900000.0,3490039.3019034117,4161965.7482067696,-671926.4463033578,0.0,0.0,35.45084848224723,61.306783752013196
2024-03-29 09:00:00,99801000.0,3368478.3536083996,4003268.2692870954,-634789.9156786958,0.0,0.0,34.11035571279738,59.091401872224104
2024-03-30 09:00:00,99985000.0,3249529.1393760294,3852520.4433048824,-602991.303928853,0.0,0.0,32.86561242687966,59.35621470594419
2024-03-31 09:00:00,100970000.0,3197879.1380329877,3721592.1822505035,-523713.04421751574,0.0,0.0,31.978217067445822,60.81842362003634
2024-04-01 09:00:00,100100000.0,3051567.83626242,3587587.3130528866,-536019.4767904668,0.0,0.0,30.54862297531624,58.806066230217525
2024-04-02 09:00:00,96053000.0,2579323.1658010036,3385934.48360251,-806611.3178015063,-0.6033085489911104,-1.1942035873595505,28.94343268429227,50.444586270719874
2024-04-03 09:00:00,96502000.0,2215754.5702451915,3151898.500931046,-936143.9306858545,-0.7850424994314052,-1.2884280556452832,27.561109200037603,51.27240232600174
2024-04-04 09:00:00,99361000.0,2133724.9917300045,2948263.7990908376,-814538.807360833,-0.855201397993444,-1.1234152975539453,25.903358025087535,56.28047550625913
2024-04-05 09:00:00,98394000.0,1968001.247973308,2752211.2888673316,-784210.0408940236,-0.9624003884586325,-1.0595143629199812,24.364017648348188,54.24957337680917
2024-04-06 09:00:00,99023000.0,1865909.9815203696,2574951.027397939,-709041.0458775694,-1.0445042837376692,-0.9541645619496164,23.01812171409594,55.37753329101827
2024-04-07 09:00:00,99369000.0,1792261.1547379196,2418413.052865935,-626151.8981280155,-1.1137298040263843,-0.8449450485833931,21.988833496885594,56.01987352891954
2024-04-08 09:00:00,102101000.0,1932071.7758657634,2321144.797465901,-389073.02160013746,-1.0845614403908044,-0.5835323893808975,21.957136666432376,60.816186698731464
2024-04-09 09:00:00,99350000.0,1800139.1083634645,2216943.6596454135,-416804.55128194904,-1.1717629801024951,-0.5924007097063465,21.58967457569295,54.38455434769376
2024-04-10 09:00:00,100600000.0,1775973.7522478402,2128749.6781658987,-352775.9259180585,-1.2025378597833436,-0.5073334579890443,20.87328341986248,56.628982671992325
2024-04-11 09:00:00,100541000.0,1732095.2111060023,2049418.7847539193,-317323.573647917,-1.2356250046864676,-0.45155429692199645,20.208063060877045,56.48770470757463
2024-04-12 09:00:00,99776000.0,1616952.818916738,1962925.5915864832,-345972.77266974514,-1.2925382221229622,-0.46034537983057594,19.07323573806685,54.58613554756686
2024-04-13 09:00:00,97149000.0,1298753.476672545,1830091.1686036955,-531337.6919311504,-1.4321032271308167,-0.6287481024037475,18.969060887592867,48.542928288567175
2024-04-14 09:00:00,98905000.0,1174731.1603652984,1699019.166956016,-524288.0065907177,-1.4669775501127638,-0.5968544488067291,18.872327097867025,52.341129820270446
2024-04-15 09:00:00,96527000.0,874477.4235392064,1534110.8182726542,-659633.3947334478,-1.5678163494076416,-0.7127075464471606,18.626098653942396,47.25430968378682
2024-04-16 09:00:00,95597000.0,555082.3029656112,1338305.1152112456,-783222.8122456344,-1.6603406313891607,-0.8158696192675636,19.150543607886686,45.39617030563642
2024-04-17 09:00:00,91419000.0,-34769.51290220022,1063690.1895885565,-1098459.7024907568,-1.8485713366753767,-1.118122927406749,20.523233389177133,38.14027715066553
2024-04-18 09:00:00,93356000.0,-341989.3741900623,782554.2768328327,-1124543.651022895,-1.8968378946879976,-1.1093990359515942,21.845479195519545,42.712012645859716
2024-04-19 09:00:00,93390000.0,-576079.1301940382,510827.5954274585,-1086906.7256214968,-1.9069294434067876,-1.0338036811753892,22.151086271580606,42.791934282606206
2024-04-20 09:00:00,94805000.0,-640040.2879727334,280654.0187474201,-920694.3067201534,-1.8492022338951841,-0.8253009932988078,22.434864270780164,46.1584494036485
2024-04-21 09:00:00,94868000.0,-677832.7587341219,88956.66325111169,-766789.4219852337,-1.7862023258011912,-0.6348950938077937,22.48868693420576,46.30994010873594
2024-04-22 09:00:00,97192000.0,-514327.3411399573,-31700.13762710213,-482627.20351285517,-1.6575463581165586,-0.3101054527231958,21.698601768330143,51.70784548638833
2024-04-23 09:00:00,96045000.0,-471862.1012454927,-119732.53035078025,-352129.57089471247,-1.5837596282591264,-0.15784664428335843,20.964951257159925,49.084888519613074
2024-04-24 09:00:00,93534000.0,-633521.9605732411,-222490.41639527242,-411031.5441779687,-1.5864899436354536,-0.21405393631903483,21.202044526319515,43.84175807750288
2024-04-25 09:00:00,92745000.0,-815899.092974484,-341172.15171111474,-474726.9412633692,-1.595274628577822,-0.27635733472125723,21.889840002621355,42.31234458145832
2024-04-26 09:00:00,91951000.0,-1012828.1956481189,-475503.36049851554,-537324.8351496033,-1.6050775735277938,-0.33408100563219273,22.52850723061592,40.77094267243309
2024-04-27 09:00:00,91499000.0,-1191632.1570516974,-618729.1198091519,-572903.0372425455,-1.6037657969152574,-0.35712920406202814,23.47622164634026,39.88028729220077
2024-04-28 09:00:00,90530000.0,-1395440.0224584788,-774071.3003390173,-621368.7221194615,-1.6045941222273556,-0.38593553555641424,24.073842372596705,37.96551025958459
2024-04-29 09:00:00,91400000.0,-1469814.3896864802,-913219.9182085099,-556594.4714779702,-1.5632326287556284,-0.2868077776193475,25.126609343899524,40.71761984082165
2024-04-30 09:00:00,87137000.0,-1851403.2598544508,-1100856.586537698,-750546.6733167528,-1.6171662432483729,-0.48280709394544274,26.810621783836176,32.993605828323744
2024-05-01 09:00:00,83499000.0,-2419481.112437859,-1364581.4917177302,-1054899.620720129,-1.7199544388532284,-0.8202095069877055,29.297690956102137,28.095487358131972
2024-05-02 09:00:00,83078000.0,-2870567.964320153,-1665778.7862382147,-1204789.1780819383,-1.7780078394811722,-0.9809912005461139,31.6071123303491,27.585125105169507
2024-05-03 09:00:00,89291000.0,-2695646.6321558952,-1871752.3554217508,-823894.2767341444,-1.655801164453559,-0.4779033880389815,31.061890007826907,43.80778515350605
2024-05-04 09:00:00,90303000.0,-2447151.0399228632,-1986832.0923219733,-460318.94760088995,-1.5231447213881466,0.05330613317923563,30.085072131837755,45.93247063286926
2024-05-05 09:00:00,90061000.0,-2243877.8432739377,-2038241.2425123663,-205636.60076157143,-1.4131064856939664,0.47822866817742526,29.178026961276398,45.489525995888776
2024-05-06 09:00:00,88804000.0,-2159320.4630700946,-2062457.086623912,-96863.3764461826,-1.344026318225278,0.7123591542007126,27.98516216814001,43.16128158801261
2024-05-07 09:00:00,87595000.0,-2164908.6072058827,-2082947.3907403061,-81961.21646557655,-1.3059773305596356,0.8129803065569395,27.16861811348863,40.98831556939352
2024-05-08 09:00:00,85872000.0,-2282062.753099084,-2122770.4632120617,-159292.28988702223,-1.3035707354122068,0.7516917958254695,27.048572753504676,38.048376099378075
2024-05-09 09:00:00,88116000.0,-2168835.2291909307,-2131983.4164078357,-36851.812783095054,-1.2351066218556435,1.0404272979203655,26.959847418725477,43.711075723577125
2024-05-10 09:00:00,85842000.0,-2236809.8445997536,-2152948.7020462193,-83861.14255353436,-1.2260615873927916,1.0341608632329253,26.877459607859077,39.74629001920817
2024-05-11 09:00:00,85791000.0,-2268643.975252256,-2176087.7566874265,-92556.21856482932,-1.2097638835446223,1.1042356464399914,26.80095664062599,39.65940621445749
2024-05-12 09:00:00,86521000.0,-2209498.1348773986,-2182769.832325421,-26728.302551977802,-1.1701041317228265,1.3554542516130086,26.479488233479735,41.62636972908936
2024-05-13 09:00:00,87928000.0,-2025740.0190865397,-2151363.8696776447,125623.85059110494,-1.092102953333667,1.7868921925198396,25.425858149418303,45.3257221040874
2024-05-14 09:00:00,86500000.0,-1972599.1589189172,-2115610.9275258994,143011.7686069822,-1.0589782208611254,1.8578835994108214,24.44748735707555,42.389517819595426
2024-05-15 09:00:00,92111000.0,-1460883.6797685772,-1984665.4779744348,523781.79820585763,-0.8558684296087362,2.579203000433661,23.612460588336365,54.78404555281251
2024-05-16 09:00:00,90800000.0,-1147899.9433428794,-1817312.3710481238,669412.4277052444,-0.7182466485288862,2.6823799643917203,22.978797913394082,51.97063198310049
2024-05-17 09:00:00,92646000.0,-742344.0251365006,-1602318.7018657993,859974.6767292987,-0.5345208183852752,2.812437680837957,22.483253398314854,55.440652103218746
2024-05-18 09:00:00,93066000.0,-382636.74990202487,-1358382.3114730443,975745.5615710195,-0.3575207673277153,2.797330891138856,22.16101811481057,56.215730278956414
2024-05-19 09:00:00,92185000.0,-166733.4801325351,-1120052.5452049426,953319.0650724075,-0.23331123792565245,2.5624966893124257,21.596938166521404,54.09034468667582
2024-05-20 09:00:00,97260000.0,409164.9047880769,-814209.0552063386,1223373.9599944155,0.062301876463180306,2.802897104105471,22.195267599110142,62.81246525587469
2024-05-21 09:00:00,96700000.0,811032.1305260211,-489160.81805986667,1300192.948585888,0.2866711516056209,2.740959924911251,23.0044206737418,61.425694130842125
2024-05-22 09:00:00,95421000.0,1014614.348633796,-188405.7847211341,1203020.1333549302,0.41707864412442686,2.4684345406439823,23.238344116932,58.261882175102556
2024-05-23 09:00:00,94900000.0,1120992.2762266845,73473.82746842963,1047518.4487582548,0.5005154018451173,2.1370776403329312,22.613846761125526,56.97454208095366
2024-05-24 09:00:00,95214000.0,1216610.3986857533,302101.14171189436,914509.2569738589,0.5813598681475207,1.8532667900104092,22.033956359305225,57.58285470589577
2024-05-25 09:00:00,96240000.0,1359506.5299720913,513582.2193639338,845924.3106081575,0.6901810454361835,1.6768569031220568,21.667058339228024,59.59314499168844
2024-05-26 09:00:00,95610000.0,1405712.82622239,692008.340735625,713704.4854867649,0.7510489003174408,1.4227772028027643,21.32636732058491,57.78226459281633
2024-05-27 09:00:00,96050000.0,1460994.5360911638,845805.5798067327,615188.956284431,0.8202003268426095,1.232230150461197,21.331576079870324,58.725610417891694
2024-05-28 09:00:00,94600000.0,1371987.3909901679,951041.9420434197,420945.44894674816,0.8098120180417695,0.9163442010396153,20.50697362646964,54.41080552406626
2024-05-29 09:00:00,93910000.0,1231574.529261589,1007148.4594870536,224426.06977453548,0.7688252156974528,0.6075816666966105,19.61936437542861,52.436417940817705
2024-05-30 09:00:00,94943000.0,1189933.973442763,1043705.5622781955,146228.41116456757,0.7853855548767036,0.476524233327354,19.221637873121317,55.06526519514555
2024-05-31 09:00:00,94505000.0,1108808.9342862219,1056726.2366798008,52082.697606421076,0.7768156434759803,0.3244744897409906,18.852320406693117,53.70975605416747
2024-06-01 09:00:00,94720000.0,1049764.4285734147,1055333.8750585236,-5569.446485108929,0.7713185586402196,0.22172831380912253,18.5093827592955,54.304388012249746
2024-06-02 09:00:00,95000000.0,1013877.5431451648,1047042.6086758518,-33165.06553068699,0.7726720845941308,0.16043010228920018,18.597372857303235,55.11307944737028
2024-06-03 09:00:00,95994000.0,1053500.3247253746,1048334.1518857564,5166.172839618172,0.8208254869853578,0.1990516132862904,19.466087600006798,57.95759880789294
2024-06-04 09:00:00,97500000.0,1192674.8649978787,1077202.2945081808,115472.57048969786,0.9291027272001096,0.3455609765573832,20.501838254284255,61.89733963170985
2024-06-05 09:00:00,98385000.0,1358721.3012228012,1133506.095851105,225215.20537169627,1.0509781783133698,0.4913216818184103,21.865340999312416,64.0304722590613
2024-06-06 09:00:00,98334000.0,1469262.2834363878,1200657.3333681615,268604.9500682263,1.1327583822875797,0.5365841534041,23.279371891461853,63.80877793472837
2024-06-07 09:00:00,97919000.0,1506019.323251173,1261729.7313447637,244289.59190640924,1.169236123756938,0.4830477135617178,23.92193504965257,61.929764428627784
2024-06-08 09:00:00,98125000.0,1534088.0088809729,1316201.3868520055,217886.62202896737,1.1955963990790401,0.4266914224147971,24.518600839401095,62.519769219349996
2024-06-09 09:00:00,97983000.0,1527269.0245865881,1358414.9143989221,168854.11018766603,1.1981358313116803,0.3383248380003582,25.12938246286981,61.808678129378315
2024-06-10 09:00:00,97276000.0,1448122.879916206,1376356.507502379,71766.3724138271,1.1526401911402502,0.1794071424380207,25.02867289798937,58.255935059652785
2024-06-11 09:00:00,95329000.0,1214294.7280528992,1343944.151612483,-129649.42355958372,1.004227818411028,-0.13617933759558914,23.726579595043507,49.77144381706945
2024-06-12 09:00:00,95934000.0,1065520.025276199,1288259.3263452263,-222739.30106902728,0.908077057491474,-0.28874966580429157,22.05729846983576,52.10567461657584
2024-06-13 09:00:00,94614000.0,831516.8248069882,1196910.8260375788,-365394.0012305905,0.7549841023767759,-0.5149376700070728,20.687821348320284,46.976185748488305
2024-06-14 09:00:00,93978000.0,587969.9660370052,1075122.654037464,-487152.68800045876,0.5929284438410272,-0.7110060934492864,20.031780315648604,44.69322407177099
2024-06-15 09:00:00,93910000.0,385031.8861911595,937104.5004682031,-552072.6142770436,0.4561280611622206,-0.8231204748479396,19.42259935673918,44.4445241713193
2024-06-16 09:00:00,94219000.0,246296.55997356772,798942.912369276,-552646.3523957083,0.35734091105549853,-0.8540000796561676,18.543640194322958,45.91726663683177
2024-06-17 09:00:00,93588000.0,84457.81082904339,656045.8920612296,-571588.0812321862,0.24131570148820816,-0.9174281079730859,18.821944939929267,43.387832056552675
2024-06-18 09:00:00,91649000.0,-197979.47480647266,485240.81868768914,-683220.2934941618,0.04333317372632764,-1.128425570916029,19.48949909910835,36.697899177383256
2024-06-19 09:00:00,91555000.0,-424504.64760002494,303291.7254301463,-727796.3730301713,-0.1145786927190785,-1.2165766037462404,20.10937081834607,36.40484512869321
2024-06-20 09:00:00,91780000.0,-579195.2570810169,126794.32892791368,-705989.5860089306,-0.22193786966678386,-1.1844009355308398,20.011403440838077,37.68753250202613
2024-06-21 09:00:00,90308000.0,-811215.589214772,-60807.654700623476,-750407.9345141485,-0.3774639179489422,-1.2415183496950746,20.828542448467296,32.998332468148554
2024-06-22 09:00:00,90874000.0,-938602.2814652622,-236366.58005355124,-702235.7014117109,-0.4587461090655224,-1.1422340082038855,21.587314384123,36.2812617481422
2024-06-23 09:00:00,89046000.0,-1173533.7095080763,-423800.00594445626,-749733.7035636201,-0.6117959802563608,-1.200496373308151,22.739319766125487,30.99849985445053
2024-06-24 09:00:00,85496000.0,-1627414.073820725,-664522.81951971,-962891.254301015,-0.907072664553114,-1.5116267691893377,25.344196620394566,23.762384029392628
2024-06-25 09:00:00,87450000.0,-1808597.6746489257,-893337.7905455532,-915259.8841033725,-1.014070568139779,-1.4087906899812384,27.763010842215856,33.029212573799136
2024-06-26 09:00:00,86027000.0,-2043455.508065313,-1123361.3340495052,-920094.1740158079,-1.1529946910604643,-1.3925741861853116,29.72845431737557,30.15459337770058
2024-06-27 09:00:00,86884000.0,-2135809.018484831,-1325850.8709365702,-809958.1475482606,-1.1968506317736192,-1.2081502828514834,31.669973899809236,33.88651697505754
2024-06-28 09:00:00,85158000.0,-2321512.663189754,-1524983.229387207,-796529.4338025469,-1.2978141097713904,-1.1735098066060992,33.614442998072036,30.367302303135418
2024-06-29 09:00:00,85765000.0,-2392129.3345319033,-1698412.4504161463,-693716.884115757,-1.32899292923293,-1.016946373732865,35.420021446458925,33.002481350685606
2024-06-30 09:00:00,87920000.0,-2248286.2213722467,-1808387.2046073664,-439899.0167648804,-1.2400858770721956,-0.6499228338915587,35.18486821619616,41.471065250601384
2024-07-01 09:00:00,88253000.0,-2083403.0276275426,-1863390.3692114016,-220012.65841614106,-1.1550027898385782,-0.33753993704551793,34.234601296333686,42.67683362912357
2024-07-02 09:00:00,87248000.0,-2010649.4937520325,-1892842.1941195277,-117807.29963250482,-1.1260397774510245,-0.19282553543456904,33.592572670797246,39.99862246144869
2024-07-03 09:00:00,85331000.0,-2083658.55417718,-1931005.466131058,-152653.08804612188,-1.1852713811421147,-0.2601920492996719,33.82957930696493,35.43112510433076
2024-07-04 09:00:00,81680000.0,-2408361.8516136706,-2026476.7432275806,-381885.10838609,-1.398208890212932,-0.6351703200333162,34.87363635270219,28.70750555729619
2024-07-05 09:00:00,81118000.0,-2680145.21169509,-2157210.4369210824,-522934.7747740075,-1.5617379992359404,-0.8523110915310406,36.53406574537867,27.831974861037935
2024-07-06 09:00:00,82826000.0,-2726287.215044394,-2271025.7925457447,-455261.42249864945,-1.5723098639120108,-0.7271613717516018,37.70093368090501,34.38189271052294
2024-07-07 09:00:00,79397000.0,-3004908.018636659,-2417802.2377639273,-587105.7808727315,-1.7270738961022554,-0.9255583889975906,38.900658242339354,28.741983968159744
2024-07-08 09:00:00,80534000.0,-3098255.8502985537,-2553892.960270853,-544362.8900277009,-1.751388489650158,-0.8369495767563289,40.25291677082383,32.68502801429937
2024-07-09 09:00:00,82043000.0,-3015707.7884918004,-2646255.9259150424,-369451.862576758,-1.6697773600736123,-0.544300572382122,41.50858540441656,37.61865272348175
2024-07-10 09:00:00,81896000.0,-2928392.836495146,-2702683.308031063,-225709.5284640831,-1.591706845447317,-0.30802059694348843,41.7191269184135,37.331611706895586
2024-07-11 09:00:00,81070000.0,-2892503.4258254617,-2740647.331589943,-151856.09423551895,-1.5469120742317755,-0.1852464735936871,41.93729392571776,35.683975415693006
2024-07-12 09:00:00,81540000.0,-2793929.062185958,-2751303.677709146,-42625.38447681209,-1.4630202782193387,-0.004250471725498646,42.35837160806473,37.37759871648018
2024-07-13 09:00:00,82901000.0,-2576288.9874007553,-2716300.7396474676,140011.75224671233,-1.3134574746697585,0.29107385175792905,41.87145258447443,42.12982764790896
2024-07-14 09:00:00,85430000.0,-2174670.2508892566,-2607974.6418958255,433304.3910065689,-1.054146510151849,0.7692388826873202,40.170828332974445,49.759364100059464
2024-07-15 09:00:00,91162000.0,-1377975.5684271008,-2361974.8272020807,983999.25877498,-0.5672354161413149,1.633171638315067,38.053989729845036,61.99072963188939
2024-07-16 09:00:00,90807000.0,-766400.2409319431,-2042859.9099480533,1276459.6690161102,-0.1959511473617452,2.0497706407822474,36.16611601109967,61.00022141285329
2024-07-17 09:00:00,89467000.0,-385406.4630832225,-1711369.2205750872,1325962.7574918647,0.03520825055956411,2.082753989671072,34.61023780125712,57.27978534488678
2024-07-18 09:00:00,89850000.0,-51962.26148569584,-1379487.828757209,1327525.5672715132,0.2362768935147805,2.040071312315103,33.02022691910407,58.067006862908634
2024-07-19 09:00:00,93004000.0,461476.49773156643,-1011294.9634594539,1472771.4611910204,0.5469974462013698,2.2247905736419007,32.43601222080084,63.9572013456913
2024-07-20 09:00:00,94065000.0,943122.5170871764,-620411.4673501278,1563533.984437304,0.8367958427908188,2.3208469918969183,32.04702566842155,65.70251858817876
2024-07-21 09:00:00,95000000.0,1384319.5690941513,-219465.26006127195,1603784.8291554232,1.0961764496069677,2.3224710731219043,31.875390405314196,67.20942345859822
2024-07-22 09:00:00,94357000.0,1662917.6062039435,157011.31319177116,1505906.2930121724,1.251245132729434,2.1262584575200196,31.731703886430797,65.09139764214046
2024-07-23 09:00:00,92230000.0,1692566.5799372196,464122.3665408609,1228444.2133963588,1.257450612566647,1.706347335007024,31.029082693314177,58.521511891203595
2024-07-24 09:00:00,91501000.0,1638353.478674829,698968.5889676546,939384.8897071744,1.2184260140335619,1.295544312950977,29.885933919566927,56.41962595232376
2024-07-25 09:00:00,92465000.0,1654108.4166752398,889996.5545091716,764111.8621660682,1.221811893417643,1.048152067600802,27.95557970699271,58.54020723265791
2024-07-26 09:00:00,94727000.0,1828046.2351464927,1077606.4906366358,750439.7445098569,1.3154377005105857,1.022872064886651,26.876988324908147,63.07990583140616
2024-07-27 09:00:00,94292000.0,1908789.013320312,1243842.995173371,664946.018146941,1.3491363976831083,0.8944750736358978,26.48158996754948,61.6811758720514
2024-07-28 09:00:00,95363000.0,2035732.3407975733,1402220.8642982114,633511.4764993619,1.4025187499787433,0.836948585126631,26.114434350002146,63.80896572132354
2024-07-29 09:00:00,93618000.0,1972787.8555926085,1516334.2625570907,456453.5930355177,1.3466346779492646,0.5841710714591948,26.317232202649034,58.143823819634534
2024-07-30 09:00:00,92788000.0,1834779.6366361082,1580023.3373728942,254756.299263214,1.2508544751115631,0.3020189980535123,25.795726562527765,55.61461121542139
2024-07-31 09:00:00,90345000.0,1510861.1786315888,1566190.9056246332,-55329.72699304437,1.0568648240941876,-0.1227714709628396,24.615749479732113,48.87549460755905
2024-08-01 09:00:00,91789000.0,1355052.0029456317,1523963.1250888328,-168911.12214320106,0.9621591403031764,-0.2755061935430098,23.150974466287302,52.536514610783556
2024-08-02 09:00:00,86691000.0,810859.0362065434,1381342.307312375,-570483.2711058315,0.6565851793853515,-0.8089767921988392,22.364380561705698,41.29371927831747
2024-08-03 09:00:00,85957000.0,316703.75985874236,1168414.5978216485,-851710.8379629061,0.3858983020653321,-1.1573984404316429,22.079758704439566,39.96754254163368
2024-08-04 09:00:00,81871000.0,-400012.81004175544,854729.1162489676,-1254741.926290723,-0.007206793705797863,-1.6304843493313594,22.722373957857595,33.51484130605023
2024-08-05 09:00:00,77833000.0,-1279103.9937524945,427962.4942486752,-1707066.4880011696,-0.4915339083007349,-2.101509450495977,24.925149358577965,28.600547727152335
2024-08-06 09:00:00,80224000.0,-1762538.9212323874,-10137.788847537362,-1752401.1323848502,-0.7454762451867794,-2.0418218901150147,26.970583659246888,34.705708291512934
2024-08-07 09:00:00,78388000.0,-2267674.104628518,-461645.0520037336,-1806029.0526247846,-1.0072217971064412,-1.996319190364817,28.86991550986803,32.41373737104755
2024-08-08 09:00:00,86397000.0,-1998698.261367619,-769055.6938765107,-1229642.5674911083,-0.820752897216613,-1.270128387558064,28.39544329985901,48.416903121955265
2024-08-09 09:00:00,85518000.0,-1835304.6717886478,-982305.4894589381,-852999.1823297096,-0.6978924481099457,-0.8082108585855086,27.954861961993494,47.09879058143269
2024-08-10 09:00:00,85669000.0,-1674329.0141779035,-1120710.1944027313,-553618.8197751723,-0.5778556512099714,-0.4514419840951275,27.5457507196898,47.36389197441528
2024-08-11 09:00:00,82815000.0,-1756797.327854067,-1247927.6210929984,-508869.70676106866,-0.6032332456322071,-0.3935103726017273,27.706697983845583,42.9798655214045
2024-08-12 09:00:00,83221000.0,-1769001.3077672422,-1352142.3584278473,-416858.9493393949,-0.5873645327070871,-0.28588554187232296,28.093241020102823,43.77711756202034
2024-08-13 09:00:00,84600000.0,-1648397.5734226853,-1411393.401426815,-237004.1719958703,-0.4933735261563082,-0.08256849989295544,28.15325871068817,46.512647188410995
2024-08-14 09:00:00,82457000.0,-1706073.8775866628,-1470329.4966587846,-235744.3809278782,-0.5086396410953253,-0.08736446184469908,28.136676022934957,43.0104179725521
2024-08-15 09:00:00,81004000.0,-1847728.2597369254,-1545809.2492744126,-301919.0104625127,-0.5747034308378622,-0.16930633133771522,28.70423236747473,40.76895672916868
2024-08-16 09:00:00,82209000.0,-1841528.9493448287,-1604953.1892884958,-236575.76005633292,-0.5515490933889513,-0.10001027011895115,29.231248973118806,43.403198170618026
2024-08-17 09:00:00,82849000.0,-1764631.72383143,-1636888.8961970827,-127742.82763434737,-0.4882418809695821,0.01605224558085963,29.72062153550259,44.80719545778948
2024-08-18 09:00:00,81500000.0,-1791887.3822031915,-1667888.5933983044,-123998.7888048871,-0.4904319647541213,0.00870080044080645,29.843354704734033,42.418575186523874
2024-08-19 09:00:00,81680000.0,-1778462.1871132255,-1690003.3121412885,-88458.87497193692,-0.4693307591181836,0.03848433340659412,30.302245899960663,42.856311784504044
2024-08-20 09:00:00,80751000.0,-1821784.7586283535,-1716359.6014387016,-105425.15718965186,-0.48460682375602787,0.00585445304524911,30.00356307877428,41.1189112513209
2024-08-21 09:00:00,82900000.0,-1663535.664987743,-1705794.8141485099,42259.149160766974,-0.3801509520918917,0.16667757997010643,29.629957894843745,46.52000708795786
2024-08-22 09:00:00,82003000.0,-1592149.2165230066,-1683065.6946234093,90916.47810040275,-0.3320695877609623,0.2088661794490487,29.28303879547968,44.677799619827425
2024-08-23 09:00:00,85600000.0,-1231135.3413267285,-1592679.6239640731,361544.2826373447,-0.11626340745824533,0.5094750251085111,27.4104589442732,52.757008467474584
2024-08-24 09:00:00,85767000.0,-920937.7429099679,-1458331.247753252,537393.5048432841,0.06399822664131678,0.6953895300962135,25.671634796724323,53.09946691627869
2024-08-25 09:00:00,86254000.0,-628561.4165958762,-1292377.281521777,663815.8649259007,0.22888052006394383,0.8196858874867714,23.86757329013549,54.14339261618295
2024-08-26 09:00:00,84408000.0,-539587.8114597946,-1141819.3875093805,602231.5760495858,0.26804763982733715,0.7189850352408321,22.55114201823766,49.633614903607175
2024-08-27 09:00:00,80950000.0,-739581.8494704515,-1061371.8799015947,321790.03043114324,0.12960639568775797,0.35711025827509796,22.758585220506877,42.49343033722344
2024-08-28 09:00:00,80569000.0,-918237.2142996639,-1032744.9467812085,114507.7324815446,0.003945921303421028,0.08668463492027186,23.108125423392387,41.7802663480718
2024-08-29 09:00:00,80790000.0,-1030115.494843334,-1032219.0563936336,2103.561550299637,-0.07883132419589582,-0.06154749334140159,23.04220874328067,42.38429904127424
2024-08-30 09:00:00,80439000.0,-1134030.210427776,-1052581.287200462,-81448.9232273139,-0.15453349247808595,-0.16812720228090275,23.261022794497602,41.645280141659654
2024-08-31 09:00:00,80262000.0,-1216641.1105531603,-1085393.2518710017,-131247.85868215864,-0.21568655099954118,-0.229623661387048,23.46420727062761,41.254642400268416
2024-09-01 09:00:00,78301000.0,-1423932.9427248687,-1153101.1900417751,-270831.75268309354,-0.35498637143679457,-0.4000337006877934,24.166647634424205,37.10225616558511
2024-09-02 09:00:00,80205000.0,-1418227.8774152398,-1206126.527516468,-212101.34989877185,-0.36444478550243736,-0.3312484696438562,24.680783530929553,43.09155107814365
2024-09-03 09:00:00,78272000.0,-1551795.3860482574,-1275260.2992228258,-276535.08682543156,-0.46645590549170074,-0.41757730002376336,24.867570633611354,39.02833220404251
2024-09-04 09:00:00,78739000.0,-1601504.4553641826,-1340509.1304510972,-260995.32491308544,-0.5161659937753856,-0.40312044613874215,25.662745484058792,40.48832257655613
2024-09-05 09:00:00,76330000.0,-1814370.484539166,-1435281.4012687108,-379089.08327045524,-0.6773789623485114,-0.5564939095425894,26.472986362374936,35.73477763680763
2024-09-06 09:00:00,73644000.0,-2174737.083071843,-1583172.5376293373,-591564.5454425055,-0.9379177268579906,-0.8208136725538846,28.152145702792147,31.319513241782975
2024-09-07 09:00:00,73640000.0,-2432611.3459327966,-1753060.299290029,-679551.0466427675,-1.1270279156438021,-0.9199685810548486,29.71136509032241,31.313308363704888
2024-09-08 09:00:00,74437000.0,-2543349.1718673557,-1911118.0738054945,-632231.0980618612,-1.2133775981260337,-0.8482534831584961,30.96091560597865,34.114180073099114
2024-09-09 09:00:00,77275000.0,-2374732.378262043,-2003840.9346968043,-370891.44356523873,-1.113115854820846,-0.5191878298310764,30.082466328424378,43.02368777525854
2024-09-10 09:00:00,78089000.0,-2150628.253605321,-2033198.3984785075,-117429.85512681352,-0.9755762696470592,-0.2042852381042904,29.266763427838267,45.308135270028416
2024-09-11 09:00:00,77301000.0,-2013399.9137334675,-2029238.7015294996,15838.78779603215,-0.8935726511413566,-0.037035444036836576,28.865706231428707,43.49025492574193
2024-09-12 09:00:00,78269000.0,-1805720.731056288,-1984535.1074348572,178814.3763785693,-0.7561511944711282,0.16992926942180903,28.157182928701953,46.338552201496974
2024-09-13 09:00:00,80930000.0,-1410157.6023940295,-1869659.6064266916,459502.00403266214,-0.47920411574914806,0.5332650493099195,26.406093102314806,53.30604917286822
2024-09-14 09:00:00,80524000.0,-1116560.762531653,-1719039.837647684,602479.0751160309,-0.2697796071538836,0.7381107399326483,24.74679161939901,52.19255285601152
2024-09-15 09:00:00,79690000.0,-940340.3237502277,-1563299.9348681928,622959.6111179651,-0.1402920381505161,0.7938007207812876,23.61080953063485,49.887257276711615
2024-09-16 09:00:00,78469000.0,-888961.4577676207,-1428432.2394480784,539470.7816804578,-0.09483196228149006,0.7178186029085455,23.091251364833365,46.63934132085512
2024-09-17 09:00:00,81116000.0,-627420.0504277796,-1268229.8016440186,640809.7512162391,0.10157186916958917,0.8940365471626865,21.44704596814177,53.679906777331645
2024-09-18 09:00:00,82604000.0,-296657.75065521896,-1073915.3914462586,777257.6407910397,0.3531815909386241,1.1309900864631268,20.028595404428387,57.10612714200448
2024-09-19 09:00:00,83892000.0,68613.65515697002,-845409.5821256129,914023.2372825829,0.6402812363777383,1.3802665406914905,19.645581618464195,59.872946189784514
2024-09-20 09:00:00,84385000.0,393340.66933850944,-597659.5318327884,991000.2011712978,0.910435444695553,1.5405637009190796,19.460083748533695,60.9122485752488
2024-09-21 09:00:00,84425000.0,646464.789630726,-348834.6675400855,995299.4571708115,1.133346371767108,1.5685464409501666,19.287835726455373,61.000508053265904
2024-09-22 09:00:00,84829000.0,869642.2082114518,-105139.29238977804,974781.5006012298,1.3328745864506522,1.5349210384511012,19.414334101131306,61.935371794990914
2024-09-23 09:00:00,84631000.0,1018790.986777991,119646.76344377577,899144.2233342153,1.476421925642566,1.4123176744552124,19.81083348872478,61.16155809250338
2024-09-24 09:00:00,85248000.0,1173254.662443772,330368.343243775,842886.319199997,1.6316691702013824,1.3225658131736469,20.179011491490147,62.72444116401835
2024-09-25 09:00:00,84362000.0,1210224.7255728692,506339.6197095939,703885.1058632752,1.7014383192283076,1.1144855006347922,20.60168174459982,59.049788651616375
2024-09-26 09:00:00,86000000.0,1356064.8066504002,676284.6570977551,679780.149552645,1.864955118955504,1.076366493387817,21.259482065458524,63.3272651638262
2024-09-27 09:00:00,86958000.0,1531294.900866121,847286.7058514283,684008.1950146927,2.043007284652024,1.0714559221057327,22.185454105654276,65.59106983059732
2024-09-28 09:00:00,86732000.0,1633104.292050898,1004450.2230913222,628654.0689595758,2.144330673236644,0.9744598068568638,23.045285285836048,64.57830202379944
2024-09-29 09:00:00,85958000.0,1632515.0197079033,1130063.1824146383,502451.8372932649,2.134417454991007,0.7725095869633678,23.67125266378458,61.09881542278697
2024-09-30 09:00:00,83730000.0,1435716.9855963588,1191193.9430509824,244523.04254537635,1.9643083261690515,0.3872635395802942,22.3016956106427,52.354229864923404
2024-10-01 09:00:00,81500000.0,1087277.3066132814,1170410.6157634421,-83133.30915016076,1.6595330792024707,-0.10083596281896091,21.529365802236526,45.3570142151397
2024-10-02 09:00:00,81707000.0,818405.4520639926,1100009.5830235523,-281604.1309595597,1.4173121366858412,-0.4091757051983714,20.812202408716505,46.07744802636709
2024-10-03 09:00:00,82424000.0,655620.8885046989,1011131.8441197816,-355510.95561508276,1.253487081645749,-0.5555985624029572,20.146264971876487,48.605077295693796
2024-10-04 09:00:00,83805000.0,630776.9040807039,935060.8561119661,-304283.9520312622,1.1935602356908754,-0.5449322530057227,18.851665745340277,53.159407586255355
2024-10-05 09:00:00,83956000.0,616169.4871778041,871282.5823251337,-255113.09514732962,1.1422188758214773,-0.545037674973248,17.649537892128084,53.643119144430386
2024-10-06 09:00:00,84533000.0,643731.5453059673,825772.3749213004,-182040.82961533312,1.1262312823913636,-0.5127370546464555,16.83898625690451,55.532795640420474
2024-10-07 09:00:00,83942000.0,610844.4792205542,782786.7957811512,-171942.31656059693,1.0637155041653938,-0.5570575315891819,16.928429097451144,53.14323743563509
2024-10-08 09:00:00,84139000.0,593832.16842179,744995.870309279,-151163.70188748895,1.0156873804563658,-0.5554705247143226,16.985699989196604,53.85600300921703
2024-10-09 09:00:00,82385000.0,433815.88881111145,682759.8740096454,-248943.98519853398,0.8595620075418478,-0.7791443147184955,15.930084018083184,47.00069789324264
2024-10-10 09:00:00,82131000.0,283241.1296994835,602856.125147613,-319614.9954481295,0.7145320570243738,-0.9421965918301712,15.489727947824004,46.0858496050842
2024-10-11 09:00:00,84451000.0,347112.8582621664,551707.4717705237,-204594.61350835732,0.7392503928696382,-0.7101450191891548,14.94186606454229,54.74960361185093
2024-10-12 09:00:00,84956000.0,433484.00903621316,528062.7792236616,-94578.77018744848,0.7813341521991588,-0.48113364738216136,14.433137172923557,56.392290167544225
2024-10-13 09:00:00,84806000.0,484247.91338583827,519299.806056097,-35051.892670258705,0.7943442996255058,-0.36191010195678175,13.701518525822598,55.7449649501466
2024-10-14 09:00:00,88640000.0,824347.86222516,580309.4172899096,244038.44493525045,1.0319258716435937,0.22237166997545638,14.647900787209178,66.37083333027483
2024-10-15 09:00:00,90600000.0,1237766.934823215,711800.9207965706,525966.0140266444,1.3162747211131496,0.8077614850476159,16.298928809963034,70.29717545202195
2024-10-16 09:00:00,91610000.0,1628134.961105749,895067.7288584063,733067.2322473427,1.564758082853405,1.215091310431463,18.04707328079937,72.10457825365084
2024-10-17 09:00:00,91725000.0,1924598.4009441435,1100973.8632755538,823624.5376685897,1.7236280813872216,1.3586794776617055,19.67035028943311,72.31117471670167
2024-10-18 09:00:00,93330000.0,2262971.7694677413,1333373.4445139912,929598.32495375,1.8953416760053516,1.5211618138567644,21.618241539306773,75.08461852362399
2024-10-19 09:00:00,93322000.0,2501652.080767229,1567029.1717646387,934622.9090025905,1.9782108771200677,1.472463115638171,23.426997699903744,75.04426959488701
2024-10-20 09:00:00,93901000.0,2706331.5032295883,1794889.6380576286,911441.8651719596,2.02399017277574,1.3736618718551479,25.287878320281443,76.04750987325029
2024-10-21 09:00:00,92161000.0,2697048.0706490427,1975321.3245759115,721726.7460731312,1.9218075913737744,0.960981183029639,25.964259144965045,67.29249882979855
2024-10-22 09:00:00,92877000.0,2716155.9446027577,2123488.248581281,592667.6960214768,1.844455462132216,0.691153112135055,26.34708560598617,68.8801589212648
2024-10-23 09:00:00,92375000.0,2660127.572975591,2230816.113460143,429311.4595154477,1.7252049439594361,0.3680721706864632,26.544840011940114,66.44488891158487
2024-10-24 09:00:00,94077000.0,2721687.9362537265,2328990.47801886,392697.4582348666,1.6897222965753294,0.30526031913412854,27.325835809312423,70.28128570110532
2024-10-25 09:00:00,93762000.0,2713774.3982379735,2405947.262062683,307827.1361752907,1.6141951846965938,0.14453422093071022,28.194564130528068,68.71541924810485
2024-10-26 09:00:00,93993000.0,2695075.4792998433,2463772.905510115,231302.57378972834,1.5378993370075051,-0.007515667605641156,29.00124042879974,69.256368222242
2024-10-27 09:00:00,94819000.0,2715603.9561511725,2514139.1156383264,201464.84051284613,1.490686938662,-0.07097987175068149,30.029293974751933,71.17564790996248
2024-10-28 09:00:00,97401000.0,2906711.9769759774,2592653.6879058564,314058.289070121,1.5468437874777745,0.1471112844750073,31.71130888190954,76.18131299377846
2024-10-29 09:00:00,101305000.0,3334745.7599358708,2741072.1023118594,593673.6576240114,1.7332543143984025,0.6921157142407983,34.099500390730654,81.43190090484444
2024-10-30 09:00:00,100571000.0,3573544.3561587334,2907566.553081234,665977.8030774994,1.7949944972075575,0.811630391634029,36.31710679177883,77.9526025606774
2024-10-31 09:00:00,98112000.0,3523753.5770608783,3030803.957877163,492949.61918371543,1.6937933381199721,0.43829997172635904,37.118667543957145,67.54112141756245
2024-11-01 09:00:00,97285000.0,3378615.4615048766,3100366.258602706,278249.20290217083,1.5485265408000182,-0.018284683758952484,36.80687429844194,64.4246330149839
2024-11-02 09:00:00,97205000.0,3220018.7560236305,3124296.758086891,95721.99793673959,1.4068594490232402,-0.4124520104707522,36.517351999034965,64.11643080604608
2024-11-03 09:00:00,95883000.0,2953608.018042326,3090159.010077978,-136550.99203565205,1.212706199790574,-0.9057660858272936,34.73010001985532,59.086113617780946
2024-11-04 09:00:00,94289000.0,2584065.610586405,2988940.3301796634,-404874.7195932586,0.9667481114119811,-1.4656124534352204,32.70179627368758,53.62324598965007
2024-11-05 09:00:00,96170000.0,2415141.324282348,2874180.5290002003,-459039.2047178522,0.8414703393656675,-1.5966450606792513,31.29724092696866,58.49937362913483
2024-11-06 09:00:00,104085000.0,2886666.2700636983,2876677.6772129,9988.592850798275,1.106131366177435,-0.6526539410754452,31.714320666697542,71.89170166310792
2024-11-07 09:00:00,104115000.0,3225591.32707116,2946460.407184552,279130.91988660814,1.3000886265717635,-0.10145584717320963,32.22610453626977,71.92867761113575
2024-11-08 09:00:00,106843000.0,3671990.259745717,3091566.377696785,580423.8820489319,1.5658563637663174,0.5568906490568649,33.19719870645425,75.1322141164148
2024-11-09 09:00:00,106294000.0,3936092.0986246765,3260471.5218823636,675620.5767423129,1.711544051694468,0.7501718911312577,34.098929007339834,73.31880886938549
2024-11-10 09:00:00,111440000.0,4508660.865853205,3510109.390676532,998551.4751766734,2.0506899060328005,1.4439218195086814,35.7792339952673,78.54590996923199
2024-11-11 09:00:00,124503000.0,5947936.556806013,3997674.823902428,1950261.7329035848,2.8676430946587157,3.229489306952141,38.4002745151504,86.02855159726492
2024-11-12 09:00:00,124967000.0,7044805.698643044,4607100.998850551,2437704.699792492,3.284773725507224,3.6618324949299694,40.9930404458516,86.21249752906543
2024-11-13 09:00:00,128111000.0,8074696.8416932225,5300620.167419085,2774076.6742741372,3.5054916603067765,3.686866108903565,43.54959092596335,87.42099129374064
2024-11-14 09:00:00,123572000.0,8427486.804576486,5925993.494850566,2501493.3097259207,3.3329252133527456,2.9523430192192777,45.530422931257945,76.9363682412345
2024-11-15 09:00:00,128236000.0,8979906.441541135,6536776.084188679,2443130.357352456,3.2666741341226313,2.6442299036453045,47.36976693617435,79.63862844682002
2024-11-16 09:00:00,127071000.0,9217444.260342032,7072909.71941935,2144534.540922682,3.0746828565830193,2.1110185451274717,49.08800714621869,77.20531130378231
2024-11-17 09:00:00,126472000.0,9250723.813415766,7508472.538218633,1742251.2751971325,2.8381048708012315,1.524684099234248,50.33203440547997,75.92084836848376
2024-11-18 09:00:00,127142000.0,9224823.476782173,7851742.725931341,1373080.750850832,2.6198037525973144,1.0260038106677376,51.56366933726819,76.39392430451083
2024-11-19 09:00:00,129720000.0,9305057.418430716,8142405.664431216,1162651.7539994996,2.4713272713103187,0.7483352588171883,52.88062744534526,78.17103928830757
2024-11-20 09:00:00,133180000.0,9537889.62435557,8421502.456416087,1116387.1679394823,2.3927655025703145,0.6849331403903702,54.27913909199486,80.3131674455339
2024-11-21 09:00:00,137050000.0,9920332.069175825,8721268.378968034,1199063.6902077906,2.3683950138161194,0.7841504415113136,55.91074519182081,82.39423783939955
2024-11-22 09:00:00,136879000.0,10093273.220312208,8995669.347236868,1097603.87307534,2.2787708289961666,0.6481467669181431,56.08392562279898,81.98185697611697
2024-11-23 09:00:00,136000000.0,10043625.709432602,9205260.619676014,838365.0897565875,2.1334520938202,0.31610246281768045,56.244736022992996,79.7716760449978
2024-11-24 09:00:00,136096000.0,9897928.933564723,9343794.282453757,554134.6511109658,1.978317445331341,-0.04488966644134246,55.41610709527746,79.83561449580354
2024-11-25 09:00:00,129791000.0,9168019.16405496,9308639.258773997,-140620.0947190374,1.672349978199511,-0.9112111574702888,54.03737134496162,65.24844809830002
2024-11-26 09:00:00,128783000.0,8411263.428238988,9129164.092666995,-717900.6644280069,1.3848065811521604,-1.5810979834143526,52.040369117551165,63.25844878212327
2024-11-27 09:00:00,132999000.0,8058827.869656816,8915096.848064959,-856268.9784081429,1.2328960959324768,-1.6802441396359569,50.485529135149704,67.69618342366441
2024-11-28 09:00:00,133138000.0,7701952.969119132,8672468.072275793,-970515.1031566616,1.0876729116201995,-1.7417747515772732,49.090244095454544,67.83412591976628
2024-11-29 09:00:00,134542000.0,7446578.583009899,8427290.174422614,-980711.5914127156,0.9778493974308324,-1.6880338784485864,48.09233273280331,69.26189610836182
2024-11-30 09:00:00,133701000.0,7094549.322291732,8160742.003996437,-1066192.6817047056,0.8431738503847831,-1.7280116003099495,47.165700753198585,67.33388213081271
2024-12-01 09:00:00,133802000.0,6745950.336574748,7877783.6705121,-1131833.3339373516,0.712201123614102,-1.7490803079781747,46.37863629730823,67.45106460169691
2024-12-02 09:00:00,133535000.0,6374655.400909588,7577158.016591597,-1202502.6156820096,0.5758271113701975,-1.7739231469677892,45.22598833076472,66.76917245158403
2024-12-03 09:00:00,133700000.0,6024271.557856724,7266580.724844622,-1242309.1669878988,0.4461690619142984,-1.7610930233722084,46.018353555010314,66.99125440507389
2024-12-04 09:00:00,138760000.0,6084748.358224347,7030214.251520568,-945465.8932962203,0.44168867052948935,-1.4160972208484264,45.877023922731325,72.9594031837529
2024-12-05 09:00:00,137501000.0,5962355.556709245,6816642.512558303,-854286.955849058,0.3806544275857009,-1.2944181201340554,44.81241127189924,69.58804309697712
2024-12-06 09:00:00,139340000.0,5945217.543479934,6642357.518742629,-697139.975262695,0.35205424427569626,-1.1143883399578303,43.82384238184087,71.64884084314487
2024-12-07 09:00:00,138960000.0,5833725.167947218,6480631.048583547,-646905.8806363288,0.2929416370617268,-1.047231318238801,42.905885555358104,70.58448510448076
2024-12-08 09:00:00,141005000.0,5843026.296313927,6353110.098129623,-510083.80181569606,0.27154897702658415,-0.9004659842448371,41.88688264584874,72.91623058758117
2024-12-09 09:00:00,138864000.0,5612934.288096249,6205074.936122948,-592140.6480266992,0.1696302010943848,-0.9752158519255035,41.19606555688499,66.9340460511876
2024-12-10 09:00:00,138205000.0,5316127.9080043435,6027285.530499227,-711157.6224948838,0.04227593089862716,-1.079100413614934,40.593656586198264,65.16196651969118
2024-12-11 09:00:00,143111000.0,5414366.465960801,5904701.717591542,-490335.2516307412,0.04869004796708563,-0.8473382215975385,39.24634745980823,71.26185245386193
2024-12-12 09:00:00,142757000.0,5401392.498935685,5804039.87386037,-402647.3749246858,0.015459363180390795,-0.7510098538726512,37.86550601952145,70.30528313999376
2024-12-13 09:00:00,144402000.0,5460898.450708747,5735411.589230046,-274513.13852129877,0.009221865752342226,-0.6130158213008895,36.583296110683726,72.17445946041319
2024-12-14 09:00:00,145927000.0,5566939.883571297,5701717.248098296,-134777.36452699918,0.02230605803545128,-0.46280251616386164,35.156509324525764,73.81971754829044
2024-12-15 09:00:00,149243000.0,5851104.084434301,5731594.615365497,119509.46906880382,0.10557147071004222,-0.2011156283172372,33.08223971046091,77.00374563516016
2024-12-16 09:00:00,153403000.0,6338912.457367599,5853058.183765917,485854.2736016819,0.2706308393641376,0.16785741397760487,31.099360060297208,80.24904107995508
2024-12-17 09:00:00,155223000.0,6794045.371120274,6041255.621236788,752789.749883486,0.4261868400760458,0.436516680004392,29.602218669787703,81.48041812756738
2024-12-18 09:00:00,147754000.0,6477388.305016309,6128482.157992693,348906.14702361636,0.2769560348777413,0.04470914112916871,27.713019412504615,63.87934721103662
2024-12-19 09:00:00,147474000.0,6133142.58878082,6129414.244150318,3728.3446305021644,0.11585781310899218,-0.2853071507428037,26.287858696447937,63.32707205400352
2024-12-20 09:00:00,148138000.0,5846509.704678595,6072833.336255973,-226323.63157737814,-0.023803016141477094,-0.49934097724812093,25.67934909288844,64.11930092594457
2024-12-21 09:00:00,147830000.0,5530743.089445472,5964415.286893873,-433672.1974484008,-0.17767232422610862,-0.6873182645889204,24.886270641222268,63.43475955679845
2024-12-22 09:00:00,144800000.0,4978609.780195057,5767254.1855541095,-788644.4053590521,-0.43434769115490374,-1.0120283646284005,24.34440129212916,56.98894065141974
2024-12-23 09:00:00,142901000.0,4337803.229868442,5481363.994416976,-1143560.7645485345,-0.7305519458421524,-1.3174765585928634,24.29166829444323,53.33130822791555
2024-12-24 09:00:00,146831000.0,4099817.4342579246,5205054.682385166,-1105237.2481272416,-0.8542261508371405,-1.2405673894850902,23.841808450526326,59.17147717714501
2024-12-25 09:00:00,148081000.0,3966354.8600986004,4957314.717927853,-990959.8578292523,-0.9330103058671404,-1.0996393212565079,23.336565678502016,60.84965331788453
2024-12-26 09:00:00,144076000.0,3497102.3605709374,4665272.246456469,-1168169.885885532,-1.1569347484537644,-1.2299975652557644,23.200700889191303,53.29160192332228
2024-12-27 09:00:00,142111000.0,2932849.2357493043,4318787.644315036,-1385938.4085657317,-1.4109156309298052,-1.3845058965854016,23.323775939602417,50.00952199170342
2024-12-28 09:00:00,142302000.0,2472584.2606241107,3949546.967576851,-1476962.7069527404,-1.5963898488272967,-1.4140366060580445,23.438059914984162,50.32973747673978
2024-12-29 09:00:00,139735000.0,1879025.2714448571,3535442.6283504525,-1656417.3569055954,-1.81405527637326,-1.5147154589330833,23.97343992054844,46.059505250233805
2024-12-30 09:00:00,137892000.0,1245552.840931803,3077464.6708667227,-1831911.8299349197,-2.0208962582886594,-1.6022957077544533,24.82966020041962,43.223966439847814
