timestamp,open,high,low,close,volume,rsi,mfi,volume_sma,volume_ratio,macd,macd_signal,bb_middle,bb_upper,bb_lower,bb_position,adx,atr,is_local_min,volatility,low_vol,optimized_score,tier
2025-01-02 09:00:00,141322000.0,144826000.0,140920000.0,143848000.0,3042.22989739,,,,,201663.8176638186,40332.763532763725,,,,,,,0,,0,15,A
2025-01-03 09:00:00,143848000.0,145755000.0,142619000.0,144655000.0,2373.01457904,,,,,421740.4404184818,116614.29890990736,,,,,,,0,,0,15,A
2025-01-04 09:00:00,144653000.0,145500000.0,144073000.0,144745000.0,1445.66845023,,,,,596538.4731702209,212599.13376197006,,,,,,,0,,0,15,A
2025-01-05 09:00:00,144767000.0,145357000.0,143513000.0,144700000.0,1416.06538296,,,,,723100.5960022807,314699.4262100322,,,,,,,0,,0,15,A
2025-01-06 09:00:00,144731000.0,150300000.0,144481000.0,150264000.0,3608.9652023,,,,,1257870.3435658216,503333.6096811901,,,,,,,0,,0,15,A
2025-01-07 09:00:00,150255000.0,151000000.0,143500000.0,144789000.0,4327.71162265,,,,,1225762.6489951909,647819.4175439903,,,,,,,0,,0,15,A
2025-01-08 09:00:00,144789000.0,145161000.0,140919000.0,142368000.0,4096.89543997,,,,,993510.0375909209,716957.5415533765,,,,,,,0,,0,15,A
2025-01-15 09:00:00,143546000.0,147724000.0,142997000.0,147309000.0,3708.08865004,60.50738622407803,53.15005222861841,,,573452.0499609709,441375.77984284435,,,,,,3840428.5714285714,0,,0,43,S
2025-01-16 09:00:00,147309000.0,147804000.0,144102000.0,146670000.0,3192.45019417,55.30251785043217,53.40281210318688,,,784077.8755933344,509916.1989929424,,,,,,3825857.1428571427,0,,0,43,S
2025-01-17 09:00:00,146750000.0,155509000.0,146661000.0,152345000.0,4834.721595,62.21488023381409,56.358007795392346,,,1392869.3016518354,686506.819524721,,,,,,4233857.142857143,0,,0,43,S
2025-01-18 09:00:00,152434000.0,156530000.0,151533000.0,155801000.0,3748.13380163,65.86499827803925,58.836651173124146,,,2129661.7944138944,975137.8145025558,,,,,,4488857.142857143,0,,0,43,S
2025-01-19 09:00:00,155720000.0,159999000.0,150903000.0,154000000.0,7113.5465532,62.704918032786885,66.57835985209826,,,2538981.7041914165,1287906.5924403279,,,,,,5006857.142857143,0,,0,43,S
2025-01-20 09:00:00,154000000.0,163325000.0,151518000.0,153225000.0,10945.25324846,54.654050485681054,71.140083395333,3576.2528319265,3.060536758125089,2768916.314937979,1584108.5369398582,145885100.0,155346397.76121202,136423802.23878798,0.8878907622002448,,5434571.428571428,0,,0,50,S
2025-01-21 09:00:00,153225000.0,158490000.0,151038000.0,157571000.0,4441.84077005,70.82980249005932,70.66383055011934,3705.6179418549996,1.1986774782902887,3264199.3710506856,1920126.703762024,146697650.0,157237969.66508156,136157330.33491844,1.0157979238533779,,5431142.857142857,0,0.019658462763813882,0,43,S
2025-01-22 09:00:00,157571000.0,157791000.0,154486000.0,154999000.0,2227.73336919,70.48292413972044,76.79129145602874,3664.893115445,0.6078576643345035,3409869.009075731,2218075.1648247656,147255200.0,158327134.8872439,136183265.1127561,0.8497040074233873,,5364214.285714285,0,0.02002165695580276,0,43,S
2025-01-23 09:00:00,154999000.0,158920000.0,152000000.0,155112000.0,4954.0302646,77.14174729853804,74.40744138532533,3793.9438997230004,1.3057731994829176,3494152.9817839563,2473290.728216604,147778050.0,159311001.40889788,136245098.59110212,0.8179563383203768,,5575214.285714285,0,0.020029839753498067,0,43,S
2025-01-24 09:00:00,155112000.0,159000000.0,154000000.0,157146000.0,2922.35240081,76.57680477655148,74.44071101656675,3867.778097252,0.7555636149049731,3682624.4363925755,2715157.4698517984,148398100.0,160560704.0650062,136235495.9349938,0.8596228222691693,,5632428.571428572,0,0.020123816864416364,0,43,S
2025-01-25 09:00:00,157170000.0,157832000.0,156889000.0,157200000.0,1044.63297991,78.56904788356849,76.30547649802654,3849.2064770995,0.27138917751618363,3792627.7192181945,2930651.519725078,149023100.0,161660950.03201014,136385249.96798986,0.8235083490977068,,5596785.714285715,0,0.020116437634398916,0,43,S
2025-01-26 09:00:00,157200000.0,157933000.0,156000000.0,156100000.0,1222.93708628,75.21592054124082,74.17179038962414,3729.9050712985,0.3278735149831189,3747842.5109565854,3094089.7179713794,149314900.0,162337044.61923265,136292755.38076735,0.7605216037141438,,5574642.857142857,0,0.01856797252025941,0,43,S
2025-01-27 09:00:00,156100000.0,157075000.0,151260000.0,154919000.0,5043.13655799,72.12837254292327,72.66888799402439,3765.6763180655,1.3392379301949022,3575833.1026495397,3190438.3949070117,149821400.0,162890274.31869686,136752525.68130314,0.6950282738853479,38.176059611446966,5561428.571428572,0,0.01641417853523182,0,43,S
2025-01-28 09:00:00,154919000.0,156658000.0,153782000.0,155919000.0,1883.02467176,71.7447643062268,72.4434292417976,3654.9827796549994,0.51519385597153,3480089.7416950464,3248368.664264619,150498950.0,163343974.30761257,137653925.69238743,0.7109785808964108,39.93812739527895,5530071.428571428,0,0.01571361439559133,0,43,S
2025-01-29 09:00:00,155919000.0,159455000.0,155765000.0,158859000.0,2110.06837042,70.85891786462471,71.77825793249525,3582.413410188,0.5890075010380409,3599947.909133017,3318684.5132382987,151454900.0,163763076.21104383,139146723.78895617,0.8007797366987839,41.01794131948354,5456000.0,0,0.01502262936238452,0,43,S
2025-01-30 09:00:00,158859000.0,160559000.0,157860000.0,158139000.0,2346.60990153,70.65221305866677,71.4671398947233,3542.4728474775,0.6624214221432799,3595392.9359390438,3374026.197778448,152239000.0,164124435.04949605,140353564.95050395,0.7482029465236176,43.071069311519004,5384357.142857143,0,0.014894694158655108,0,43,S
2025-01-31 09:00:00,158182000.0,159669000.0,155600000.0,156580000.0,2143.1574605,58.953109805082235,65.93087919943989,3592.7663953584997,0.5965201253465152,3426486.4135114253,3384518.240925044,152979450.0,163927190.67487034,142031709.32512966,0.6644426054165118,41.117166601704014,5043000.0,0,0.015116682235159532,0,43,S
2025-02-01 09:00:00,156580000.0,158090000.0,155888000.0,157330000.0,1638.45948966,53.65003580806875,61.22637080927743,3615.6325198735003,0.45315984980612034,3314933.0251306593,3370601.197766167,153741650.0,163560460.3958409,143922839.6041591,0.6827283476988193,38.722677880248796,4843357.142857143,0,0.015101961370438332,0,28,S
2025-02-02 09:00:00,157399000.0,157925000.0,152477000.0,154000000.0,4152.76471464,50.0,50.048102031746176,3611.0962595599995,1.150001112168082,2924115.6065972447,3281304.0795323825,154336250.0,162487412.3678693,146185087.6321307,0.47937410734661295,37.934365742166186,4582785.714285715,0,0.01619121770438787,0,28,S
2025-02-24 09:00:00,141371000.0,141572000.0,131800000.0,132135000.0,5104.8145837,20.554569151146538,19.440309390539014,1648.9704405575,3.095758697756956,-3165021.76782164,-2029170.7626756737,145637000.0,154049180.96759567,137224819.03240433,-0.30252672000345016,90.9081036460477,3424928.5714285714,0,0.016219915078301006,0,20,A
2025-02-25 09:00:00,132135000.0,134899000.0,125004000.0,129715000.0,9063.16812162,20.013241622834443,15.01019440026377,2004.6043941205,4.5211754240399005,-3977307.6606107056,-2418798.1422626805,144550250.0,155135556.0990472,133964943.90095279,-0.20074733130935746,92.48690944605707,3871857.1428571427,0,0.016252444291186396,0,20,A
2025-02-26 09:00:00,129715000.0,130000000.0,120723000.0,122784000.0,4911.98768458,11.194723151244887,14.09696723291708,2156.508049938,2.2777506834352974,-5121288.828344464,-2959296.2794790375,143121650.0,157030108.58915773,129213191.41084225,-0.23112523108254768,92.54982411160411,4189000.0,1,0.019101659903062906,0,40,S
2025-02-27 09:00:00,122775000.0,127493000.0,121500000.0,124331000.0,3832.78298284,16.19705051772827,13.241328238730787,2200.1581450665,1.742048857457996,-5835800.6967586875,-3534597.162934968,141858150.0,157739570.47571045,125976729.52428953,-0.051813045527210985,91.95071348346734,4361714.285714285,0,0.019765058835258864,0,20,A
2025-02-28 09:00:00,124404000.0,125411000.0,116504000.0,124499000.0,8051.74155398,14.84504527483739,7.410481758600156,2548.38237137,3.159550012760219,-6315696.882020488,-4090817.106752072,140642950.0,157942889.93874574,123343010.06125425,0.03341022982850777,91.43719743047347,4794357.142857143,0,0.019886782916117778,0,20,A
2025-03-05 09:00:00,130368000.0,136459000.0,128980000.0,134990000.0,3700.44052536,42.40384615384616,25.845188258715737,3524.4123399054997,1.0499454003895639,-4510828.234106347,-4736925.90718533,137207350.0,154264239.43413836,120150460.56586164,0.43500133747827124,67.86189584108912,7888285.714285715,0,0.039903608630788893,0,15,A
2025-03-06 09:00:00,134990000.0,138321000.0,131220000.0,133870000.0,3705.98906398,40.299313935781775,28.933476102984613,3637.291391207,1.01888704131296,-4161324.1040509194,-4621805.546558448,136573300.0,153102360.45790422,120044239.5420958,0.41822584208930985,63.433749214011755,8230428.571428572,0,0.03987627110396185,0,15,A
2025-03-07 09:00:00,133858000.0,135900000.0,127470000.0,129522000.0,5361.61739526,39.34080337590511,27.53445315972847,3868.6381290074996,1.3859185626740242,-4186922.5878644586,-4534828.95481965,135674350.0,151647292.38820267,119701407.61179732,0.3074133791234354,59.04037357642998,8470714.285714285,0,0.040298756055698465,0,15,A
2025-03-08 09:00:00,129522000.0,129998000.0,127390000.0,128531000.0,1365.92299763,39.07100788976553,27.307582907795606,3903.0710891174995,0.3499610861402068,-4238318.293554664,-4475526.822566654,134819650.0,150374595.0086155,119264704.99138449,0.29785688742336075,54.72596656839367,8571071.42857143,0,0.04026831268634816,0,15,A
2025-03-10 09:00:00,121039000.0,124910000.0,116355000.0,117477000.0,6052.61966672,38.52728468113084,26.327975048437764,4241.556513785001,1.4269807904360272,-5514585.309729829,-4738805.3472163305,132343150.0,149166540.6248351,115519759.3751649,0.05817021872944497,46.144747707719446,8955928.57142857,1,0.042211936948306376,0,25,S
2025-03-15 09:00:00,123855000.0,124896000.0,123200000.0,124000000.0,963.95031949,46.56204240147705,46.87539187553858,4695.0481168235,0.2053121279068326,-5098245.017272428,-5154817.425792707,127275300.0,139068021.23588818,115482578.76411182,0.3611304407827242,16.8299294432081,8073857.142857143,0,0.04507031978740087,0,15,A
2025-03-16 09:00:00,124013000.0,125000000.0,121020000.0,121749000.0,1606.15777572,29.615513074913068,36.76737040321134,4520.1152764245,0.3553355782975744,-5019376.0906633735,-5127729.158766841,126756000.0,138562369.0215783,114949630.97842169,0.28795343467374324,19.028874890572382,7126428.571428572,0,0.0429668887258333,0,23,A
2025-03-17 09:00:00,121720000.0,123660000.0,121260000.0,122801000.0,1168.99746106,40.77885952712101,41.893127091175884,4125.4067433965,0.28336538280284806,-4816463.101546153,-5065475.947322704,126410300.0,138256688.16108766,114563911.83891234,0.3476624287959928,21.367449060362596,6236928.571428572,0,0.04289104656698822,0,15,A
2025-03-18 09:00:00,122801000.0,122888000.0,119550000.0,121272000.0,1657.37070706,38.75988021012323,46.08321156769219,3962.6758945205,0.41824533501510314,-4724568.729997948,-4997294.503857753,126334700.0,138297256.51430306,114372143.48569694,0.28839389415018557,23.221041718100945,5738428.571428572,0,0.04124530714376806,0,15,A
2025-03-19 09:00:00,121272000.0,127625000.0,120939000.0,127194000.0,2393.84968552,40.74109263657957,44.07020209191341,3890.7292296545006,0.615270183099474,-4126320.219753653,-4823099.647036933,126477850.0,138407925.6299716,114547774.3700284,0.5300144786258033,24.76905138962642,5681785.714285715,0,0.042593200850922185,0,15,A
2025-03-20 09:00:00,127194000.0,128495000.0,123910000.0,124297000.0,2192.80252221,39.091095562595434,41.563390552654695,3597.782278066,0.6094872765310158,-3841683.1223285943,-4626816.342095266,126467750.0,138405219.23501134,114530280.76498868,0.40907829971056897,26.75068988741105,5502071.428571428,0,0.04295249001482075,0,15,A
2025-03-21 09:00:00,124329000.0,125138000.0,123228000.0,124500000.0,1077.29288816,43.68015705225007,46.92284562052322,3491.6080383394997,0.3085377500368933,-3558703.2525815666,-4413193.724192526,126276750.0,138211675.79960617,114341824.20039383,0.42556510070390935,28.144142340208752,5036357.142857143,0,0.0423752753626325,0,15,A
2025-03-22 09:00:00,124500000.0,124890000.0,124000000.0,124150000.0,475.0285525,44.39640838044563,49.57524560249305,3111.069245869,0.152689803716443,-3324360.582522437,-4195427.095858509,125359250.0,134548428.48398465,116170071.51601537,0.43420249687675844,29.51665113132488,4913642.857142857,0,0.03334117960706683,0,15,A
2025-03-23 09:00:00,124150000.0,126938000.0,124026000.0,126937000.0,799.40587556,58.453769806721226,56.728455531104444,2788.2308590955,0.28670720466070976,-2880549.5380883813,-3932451.5843044836,125201400.0,134153528.3655723,116249271.6344277,0.5969378414341495,27.84784019867489,4472642.857142857,0,0.027940654512318506,0,43,S
2025-03-24 09:00:00,126912000.0,130989000.0,126196000.0,128890000.0,2523.90072772,67.41007413735241,72.35015960766353,2628.007389274,0.9603857044014019,-2344212.685177505,-3614803.804479088,125124400.0,133912152.15614861,116336647.84385139,0.7142527425153476,28.526652324222564,4203928.571428572,0,0.028169336478329417,0,43,S
2025-03-25 09:00:00,128890000.0,130000000.0,127502000.0,128823000.0,1539.02381677,60.31968695780575,67.73533172557967,2519.9365538445,0.6107391134201429,-1902635.8040059954,-3272370.20438447,124816050.0,132511089.78239433,117121010.21760567,0.7603592777497783,30.509412374906667,3728428.5714285714,0,0.02692715282860095,0,43,S
2025-03-26 09:00:00,128822000.0,130207000.0,127200000.0,128556000.0,1340.28242464,58.767825728936636,58.74611524509335,2401.6512218774997,0.5580670550456653,-1556287.6970595717,-2929153.7029194906,124550350.0,131228926.31456538,117871773.68543462,0.7998880158982414,32.76624343042072,3575571.4285714286,0,0.026886373293652944,0,43,S
2025-03-27 09:00:00,128556000.0,129566000.0,127000000.0,128701000.0,1081.83540099,68.28112207523593,62.366786262892795,2187.662122164,0.494516676057757,-1255629.9187162668,-2594448.946078846,124509300.0,131068230.46801157,117950369.53198843,0.8195414267953636,35.38987860048349,3358857.1428571427,0,0.02589194650788344,0,43,S
2025-03-28 09:00:00,128701000.0,129026000.0,124610000.0,125800000.0,1668.55336482,54.281386438563665,53.496876922971836,2202.7936405235,0.7574714826321469,-1237181.4608265907,-2322995.449028395,124372750.0,130688342.56293917,118057157.43706083,0.6129941478789587,36.53656703721329,3262642.8571428573,0,0.02633382523258125,0,43,S
2025-03-29 09:00:00,125800000.0,126100000.0,122007000.0,123378000.0,1266.89857377,48.743231229289584,48.1556950652453,2077.9113818265,0.6096980770452234,-1401836.5840090215,-2138763.6760245203,124486100.0,130634363.2515635,118337836.7484365,0.4098851208332524,36.96117964529384,3433857.1428571427,0,0.023166626549580793,0,15,A
2025-03-30 09:00:00,123274000.0,124890000.0,122218000.0,123046000.0,831.87817259,52.84093398168835,49.958342714942006,1816.87430712,0.4578622579063509,-1541348.8704452962,-2019280.7149086755,124764550.0,130015136.67298485,119513963.32701515,0.3363468592145877,34.327391843525945,3340428.5714285714,0,0.02200753890662143,0,15,A
2025-03-31 09:00:00,123046000.0,124895000.0,121263000.0,123209000.0,1473.25060899,50.929893335764426,49.21364763869384,1599.2512027574999,0.9212127566011868,-1620085.2900697887,-1939441.6299408982,124763400.0,130015409.87692982,119511390.12307018,0.35201855704537827,31.296921254765433,3428428.5714285714,0,0.01910261227599842,0,15,A
2025-04-01 09:00:00,123209000.0,126964000.0,122800000.0,126632000.0,1593.20054893,61.245384357166834,57.057156246131434,1511.0705332339999,1.0543522052013186,-1390251.028635189,-1829603.5096797564,124901450.0,130199637.75272807,119603262.24727193,0.6633152769179356,29.861231924420427,3487428.5714285714,0,0.020059603797583196,0,43,S
2025-04-02 09:00:00,126632000.0,130342000.0,122500000.0,122798000.0,2784.56638855,39.89146431199412,44.4721629286021,1526.4149269245002,1.824252593074734,-1500184.2878686488,-1763719.665317535,125030550.0,129961099.08760303,120100000.91239697,0.27360026638682694,28.82516549498241,3570000.0,0,0.02012248384557738,0,22,A
2025-04-03 09:00:00,122794000.0,124785000.0,121002000.0,123244000.0,1841.85772528,47.271030943865654,34.54482854842769,1514.0051770165,1.2165465173042318,-1533639.8694576174,-1717703.7061455515,124998850.0,129968596.03925963,120029103.96074037,0.3234467127558262,26.54942040735789,3512714.285714286,0,0.01893191257490317,0,15,A
2025-04-04 09:00:00,123244000.0,124650000.0,121100000.0,123409000.0,2378.02197014,47.166969618280966,43.307049543749024,1584.7087595489998,1.5006050517552345,-1529211.7368625551,-1680005.3122889523,124969300.0,129970978.50142118,119967621.49857882,0.3440223617374993,25.006669843008343,3629857.1428571427,0,0.018933133375785165,0,22,A
2025-04-05 09:00:00,123409000.0,123988000.0,122033000.0,123300000.0,653.88577832,47.764804880614285,43.75121899630884,1537.0951596789998,0.4254035764815983,-1517010.644523263,-1647406.3787358145,125046850.0,129883675.67828377,120210024.32171623,0.319421856793087,23.476972903789115,3705928.5714285714,0,0.01845271562159343,0,15,A
2025-04-06 09:00:00,123255000.0,123500000.0,115542000.0,117517000.0,2876.21789292,28.600636074511584,36.823236427215356,1622.4561812719999,1.7727553607426583,-1951485.4508725554,-1708222.1931631628,124782650.0,130611515.71162952,118953784.28837048,-0.12324733142366441,24.64554644341599,4066357.1428571427,0,0.021186609232518624,0,20,A
2025-04-07 09:00:00,117517000.0,121149000.0,111659000.0,118061000.0,6795.16440668,23.717295276928297,22.37744193891099,1879.345866253,3.6157072142489954,-2226250.7783442438,-1811827.910199379,124622100.0,131008349.17179172,118235850.82820828,-0.013689634048464999,26.278067439586817,4401857.142857143,0,0.021086475658306413,0,20,A
2025-04-08 09:00:00,118062000.0,120239000.0,114360000.0,114489000.0,2452.43172456,20.26881274371526,16.216508062895713,1882.2749682050003,1.3029083242278465,-2701098.248262584,-1989681.97781202,123986850.0,131688101.33441244,116285598.66558756,-0.11664329519798934,27.15311677965096,4643357.142857143,1,0.01847833581546634,0,33,S
2025-04-12 09:00:00,121450000.0,123973000.0,120616000.0,123551000.0,1377.88110286,50.25263588305733,38.20491493550242,2184.933955261,0.6306282620315661,-1946583.4040477723,-2163144.2253570096,123206450.0,131294108.03001872,115118791.96998128,0.5213009748137931,27.62572272131778,5424071.428571428,0,0.024604113226162832,0,15,A
2025-04-13 09:00:00,123577000.0,124520000.0,120859000.0,121577000.0,1556.51751213,47.95295560324406,37.408749618812045,2136.5647944815,0.7285140690094233,-1779185.8701673448,-2086352.5543190767,122840800.0,130496233.25736007,115185366.74263993,0.4174573170770603,26.91380635294119,5494714.285714285,0,0.024499707681506323,0,15,A
2025-04-14 09:00:00,121577000.0,124000000.0,121504000.0,122694000.0,1626.21508492,49.300936609203205,41.967317428786146,2140.924357889,0.7595854934937939,-1538652.9206009954,-1976812.6275754606,122534350.0,129653390.12675273,115415309.87324727,0.5112128880549535,26.323884353917347,5413571.428571428,0,0.024639530825640486,0,15,A
2025-04-15 09:00:00,122694000.0,125120000.0,122116000.0,122158000.0,1625.93306976,43.41051019205844,41.97159675902827,2155.2068901449998,0.7544208758773081,-1375424.508027926,-1856535.0036659539,122214450.0,128744834.51273817,115684065.48726183,0.4956778961568122,24.79285955607893,5330714.285714285,0,0.02464451205341328,0,15,A
2025-04-16 09:00:00,122154000.0,123570000.0,121200000.0,121850000.0,1435.20417425,48.44191703372559,43.764620421854936,2172.8753288079997,0.660509213401271,-1256434.446803689,-1736514.892293501,121871900.0,127644408.5635094,116099391.4364906,0.49810307773829565,25.30550272081815,4939857.142857143,0,0.024631596914828885,0,15,A
2025-04-17 09:00:00,121850000.0,123220000.0,121502000.0,122700000.0,820.08150318,49.11762797638357,47.7249866992196,2130.451735726,0.38493315263982664,-1081084.0062798113,-1605428.715090763,121716900.0,127204763.96563026,116229036.03436974,0.5895703689228651,26.315660382930666,4792357.142857143,0,0.024245383485332853,0,15,A
2025-04-18 09:00:00,122669000.0,122916000.0,122255000.0,122288000.0,446.71287534,48.19618318154024,44.35646448467999,2089.4424508045004,0.21379525201471886,-964247.2337180376,-1477192.4188162182,121662400.0,127102244.98231143,116222555.01768857,0.5575016385608638,27.03980762431248,4586000.0,0,0.023872144717945423,0,15,A
2025-04-19 09:00:00,122288000.0,123500000.0,122110000.0,122720000.0,584.96011123,49.07631545419799,44.225359691886915,2077.0965477365003,0.2816239388907828,-827258.3408708423,-1347205.6032271432,121646100.0,127070420.3561659,116221779.6438341,0.5989893599093279,27.46828989794829,4545642.857142857,0,0.02387817294884309,0,15,A
2025-04-20 09:00:00,122720000.0,123135000.0,121571000.0,122746000.0,831.06705878,60.19735559109169,47.30862990486779,2044.987370226,0.40639226964426456,-708429.3411658406,-1219450.3508148827,121622950.0,127023083.50614691,116222816.49385309,0.6039835402885545,26.881541038814454,4088928.5714285714,0,0.023876556323642967,0,15,A
2025-04-21 09:00:00,122746000.0,126660000.0,122690000.0,126237000.0,2188.96911603,64.3007066396138,65.1141646339679,2074.775798581,1.0550388709599852,-328772.0981927812,-1041314.7002904625,121603200.0,126928569.73166627,116277830.26833373,0.935068383369329,28.398724281905384,3694642.8571428573,0,0.023917202208570243,0,43,S
2025-04-22 09:00:00,126200000.0,134397000.0,125550000.0,133855000.0,3287.24812644,79.67332679578328,76.07487799709068,2099.9098854755002,1.5654234256322102,580130.5519791842,-717025.6498365332,122156050.0,129796305.12043041,114515794.87956959,1.2656125231156512,30.610374919056806,3906642.8571428573,0,0.02632021297056253,0,50,S
2025-04-23 09:00:00,133856000.0,135413000.0,131570000.0,134373000.0,2740.94476695,74.77946768060836,74.23502924300331,2144.864237559,1.2779106103561035,1326944.530866295,-308231.6136959676,122712500.0,132106245.02976371,113318754.97023629,1.120652357662155,33.96633530285352,3422642.8571428573,0,0.02631978459115588,0,43,S
2025-04-24 09:00:00,134373000.0,134710000.0,132028000.0,134650000.0,1606.11330416,86.06196599637525,83.28806312743734,2106.2688042600003,0.7625395680321435,1919030.1891867816,137220.74688058224,123274550.0,134082465.29584245,112466634.70415755,1.0262555122159343,37.356905202408676,3213285.714285714,0,0.02631548476757165,0,43,S
2025-04-25 09:00:00,134641000.0,137869000.0,133857000.0,136416000.0,1994.62622378,84.92485764958462,83.43070965100594,2173.305826533,0.9177844182942069,2501923.167196423,610161.2309437504,123930350.0,136233092.4803107,111627607.51968928,1.0074336075871708,41.39593611920244,3112500.0,0,0.026345497890676833,0,43,S
2025-04-26 09:00:00,136557000.0,137140000.0,135300000.0,136499000.0,908.87004783,83.35737840065953,83.16103211885502,2074.9384342785,0.43802265783660865,2936714.837520838,1075471.9522591678,124879450.0,138000522.50871465,111758377.49128535,0.9427820207640276,46.58557108236222,3004142.8571428573,0,0.023354082841391777,0,43,S
2025-04-27 09:00:00,136525000.0,137400000.0,135150000.0,135150000.0,827.17040513,86.13107597295426,85.56390407712689,1776.538734201,0.46560786387920816,3136284.210709244,1487634.4039491832,125733900.0,139206393.01979485,112261406.98020515,0.8494564809261775,51.94574397336841,2903357.1428571427,0,0.023679938359336832,0,43,S
2025-04-28 09:00:00,135160000.0,137558000.0,133720000.0,136816000.0,1697.1570741,86.52493275398304,85.72929170938615,1738.7750016779999,0.9760647999092255,3389801.1360197067,1868067.750363288,126850250.0,140097722.38453236,113602777.61546765,0.8761377910715981,56.6512832918499,2999214.285714286,0,0.022004892743569072,0,43,S
2025-04-29 09:00:00,136820000.0,137498000.0,135700000.0,136310000.0,1253.55021462,86.65941353227645,85.57559033895782,1555.3434290554999,0.8059636162678442,3509430.6229607165,2196340.3248827737,127598800.0,141221615.17547908,113975984.82452093,0.8197283339672721,60.905205093961584,2913071.4285714286,0,0.018634525277179414,0,43,S
2025-04-30 09:00:00,136310000.0,136873000.0,134138000.0,136050000.0,1221.71840726,86.87545445102316,85.8814817750148,1504.3809811390001,0.8121070543812712,3542423.176855132,2465556.8952772454,128504500.0,141827668.7474746,115181331.25252539,0.7831721245529611,63.058564650691224,2939142.8571428573,0,0.016963039390080054,0,43,S
2025-05-01 09:00:00,136148000.0,140037000.0,136002000.0,139145000.0,1709.97264494,88.24596492860132,86.56161884719378,1487.0456411845,1.1499126843059964,3774797.1358680725,2727404.943395411,129389250.0,143084858.51437232,115693641.4856277,0.8561634369791677,65.96346157151982,3104642.8571428573,0,0.016539136377356056,0,43,S
2025-05-02 09:00:00,139145000.0,140516000.0,137799000.0,138636000.0,1368.47182698,87.84960177810706,87.17606510059662,1486.5751773905,0.9205533953433719,3873234.885683149,2956570.931852959,130143500.0,144143465.42100993,116143534.57899007,0.8033043205683635,68.91319433445804,3251500.0,0,0.016512843621061438,0,43,S
2025-05-03 09:00:00,138640000.0,138750000.0,137153000.0,137560000.0,624.59800168,83.36330935251799,84.34618606507743,1439.979201868,0.4337548770633256,3820384.29211165,3129333.6039046976,130942650.0,144706386.7673172,117178913.23268278,0.7403907496877333,71.77184065906837,3266285.714285714,0,0.01603516778431785,0,43,S
2025-05-04 09:00:00,137598000.0,138082000.0,135582000.0,135652000.0,677.57783034,76.75151314153055,84.61175107084269,1392.547339139,0.48657436002063703,3583234.860770896,3220113.8552779374,131590550.0,144932879.93895742,118248220.06104256,0.6522016776148383,74.99578535723545,3333142.8571428573,0,0.016635330737583155,0,43,S
2025-05-05 09:00:00,135677000.0,136392000.0,132900000.0,134890000.0,1381.52834207,70.22390501565933,77.6792019965438,1380.3271027545002,1.0008702569942318,3295813.114156097,3235253.7070535696,132227150.0,144871204.80057722,119583095.19942278,0.6053004768643694,71.99709813423402,3299000.0,1,0.016675273964498923,0,63,S
2025-05-06 09:00:00,134890000.0,137800000.0,133061000.0,137400000.0,1153.00089047,60.88424930918023,75.32668966948889,1366.2169385655002,0.8439369019100491,3233293.932458967,3234861.752134649,133004650.0,144849040.97587857,121160259.02412143,0.6855456312169723,66.57199085428975,3005571.4285714286,0,0.016835674278165944,0,28,S
2025-05-07 09:00:00,137351000.0,138282000.0,136050000.0,137660000.0,1302.40326345,60.254570412429025,73.40965485826622,1390.333026579,0.9367563299957301,3168205.7538363338,3221530.5524749863,133752650.0,144713556.42189202,122791743.57810798,0.6782402772911154,61.0562814764524,2890500.0,0,0.016860979965687237,0,28,S
2025-05-08 09:00:00,137680000.0,145000000.0,137402000.0,144780000.0,3154.90070587,72.14691735898558,75.75940573675962,1525.7424181055,2.0677806872456297,3649083.041196525,3307041.050219294,134877250.0,145495424.3474895,124259075.6525105,0.966311329797544,57.44893442732611,3241642.8571428573,0,0.019552538856077082,0,50,S
2025-05-09 09:00:00,144688000.0,146200000.0,143500000.0,143720000.0,2080.11567877,66.47717018588702,76.02302964510669,1600.5001964825,1.299665994007108,3899695.354185909,3425571.9110126174,135927250.0,145594201.0324175,126260298.96758251,0.9030614189452034,53.23063287282023,3147928.5714285714,0,0.019850547092779194,0,43,S
2025-05-10 09:00:00,143726000.0,145315000.0,143500000.0,144964000.0,1243.871982,68.14576634512326,76.51328541704113,1621.1404426435,0.7672820622324922,4150839.5269931257,3570625.434208719,137038150.0,145336821.40349331,128739478.59650669,0.9775372836586603,49.09801350950931,3146142.8571428573,0,0.019763286948133847,0,43,S
2025-05-11 09:00:00,144982000.0,146495000.0,144037000.0,145510000.0,1407.7751321,72.99973359381937,81.25191853843555,1582.080743447,0.8898250850539859,4343857.445551544,3725271.8364772843,138001800.0,145452094.56429318,130551505.43570681,1.0038861172002747,45.19508835166928,3161000.0,0,0.01921781839813237,0,43,S
2025-05-12 09:00:00,145510000.0,147300000.0,142532000.0,144875000.0,2643.29601827,68.74970918058722,69.36177650722871,1549.8831380385002,1.7054808542631803,4394924.390911579,3859202.3473641435,138552800.0,146334433.31793118,130771166.68206882,0.9062257717433041,42.190683143041,3227428.5714285714,0,0.014743253690120736,1,60,S
2025-05-13 09:00:00,144875000.0,146644000.0,143500000.0,145880000.0,1592.07970472,71.75989085948157,69.9689827084467,1492.439884927,1.0667630373587031,4465020.437664717,3980365.9654242587,139128150.0,147300339.1745886,130955960.82541141,0.9130992232163976,39.30500176353728,3323571.4285714286,0,0.01475706596102145,1,53,S
2025-05-14 09:00:00,145965000.0,146430000.0,144249000.0,145718000.0,1166.66900037,72.08112552530605,75.45074293287726,1470.4676697375,0.7933999668134611,4456132.4920990765,4075519.2707592226,139681550.0,148072955.0633277,131290144.93667229,0.8596805275424391,37.501863839601434,3284000.0,0,0.014798450033537532,1,53,S
2025-05-15 09:00:00,145793000.0,146639000.0,143634000.0,146026000.0,1769.20196941,68.00837477100235,67.22478046491668,1459.196457019,1.2124494689524614,4422956.66589126,4145006.74978563,140162050.0,148861052.95496708,131463047.04503292,0.8370472472739946,34.2731404483419,3210428.5714285714,0,0.014647814409847531,1,53,S
2025-05-16 09:00:00,146030000.0,147117000.0,145570000.0,146465000.0,1276.22182233,70.56474914630942,67.18864658500586,1477.564045744,0.8637336743581779,4381580.087912023,4192321.4174109087,140660350.0,149613894.2503014,131706805.74969861,0.8241537561957437,30.99928777802352,3126857.1428571427,0,0.014632625788301157,1,53,S
2025-05-17 09:00:00,146465000.0,146828000.0,145770000.0,146555000.0,861.64733995,74.91827802094299,70.3863528777712,1479.287892485,0.5824744083469453,4306409.491627276,4215139.032254183,141230600.0,150159176.53297898,132302023.46702102,0.7981662295402612,28.43307671458225,3088357.1428571427,0,0.014307088469236987,1,53,S
2025-05-18 09:00:00,146580000.0,150600000.0,146555000.0,150458000.0,1866.44894706,86.93374575932947,74.8722137751375,1487.7524861329998,1.2545426503781665,4509789.685516685,4274069.162906684,141912700.0,151482592.85756445,132342807.14243555,0.9464679034125985,28.04117829567662,3198714.285714286,0,0.015074156456682732,0,43,S
2025-05-19 09:00:00,150296000.0,151199000.0,145500000.0,148699000.0,2401.08645573,82.81450501402024,71.18523993231034,1545.1292981885001,1.5539712168716358,4477420.439298809,4314739.418185109,142532150.0,152178614.18506202,132885685.814938,0.8196430257601349,30.33313251400825,3356357.1428571427,0,0.015415333577276275,0,50,S
2025-05-20 09:00:00,148700000.0,150990000.0,147743000.0,150424000.0,1919.88762969,82.14849921011059,72.23300440796474,1580.03775931,1.2150897143929091,4538642.022013605,4359519.938950809,143250850.0,153005095.7427792,133496604.2572208,0.8676937299488322,34.153078384707214,3249785.714285714,0,0.015417139826179423,0,43,S
2025-05-21 09:00:00,150424000.0,153301000.0,148810000.0,152356000.0,3078.69314991,83.50966800437797,74.2920628634133,1648.4737845585,1.8676021291624885,4689004.891411066,4425416.92944286,143911400.0,154265747.66351032,133557052.33648966,0.9077803969128616,38.43772313235911,3411142.8571428573,0,0.014974613919778739,1,60,S
2025-05-22 09:00:00,152356000.0,155323000.0,152070000.0,154861000.0,2781.67594178,79.11396060763587,74.15458158490038,1719.1339902985,1.6180681421446426,4953203.66496852,4530974.276547993,144722650.0,155850243.13409215,133595056.86590786,0.9555499953057521,40.01409166803991,3100785.714285714,0,0.015061923137295862,1,60,S
2025-05-23 09:00:00,154861000.0,155169000.0,149258000.0,149878000.0,3245.40940679,64.49896402335656,63.23196072857864,1850.174560554,1.7541098423806147,4706245.967157751,4566028.614669944,145338550.0,156156159.7656601,134520940.2343399,0.709817607509296,39.80213833626434,3330142.8571428573,0,0.01706309649532537,0,50,S
2025-05-24 09:00:00,149962000.0,152700000.0,149422000.0,150660000.0,1063.00688169,63.70944449793011,59.071983516976765,1869.4460131215,0.5686213317896506,4521509.925087661,4557124.876753488,146088950.0,156131751.14992037,136046148.85007963,0.7275784381151589,39.59018500448877,3434642.8571428573,0,0.016510255750816393,0,28,S
2025-05-25 09:00:00,150680000.0,152946000.0,149916000.0,152133000.0,975.54766995,65.25966545320492,58.488099891887714,1849.1469795155,0.5275663215292955,4442750.804661393,4534250.062335069,146951100.0,155840156.75891194,138062043.24108806,0.7914763703586863,38.82273294396999,3475500.0,0,0.016327995378627374,0,28,S
2025-05-26 09:00:00,152133000.0,153000000.0,151509000.0,152195000.0,987.97582253,67.32298371828853,66.14935635202642,1840.8957261184999,0.5366821208353456,4335361.171225876,4494472.284113231,147690850.0,155646691.18480846,139735008.81519154,0.7830718899090516,39.06803488772748,3241428.5714285714,0,0.01610325328250535,0,28,S
2025-05-27 09:00:00,152197000.0,153218000.0,150001000.0,151323000.0,1629.83186829,62.96261014527268,59.712426198326675,1857.2671563605004,0.8775430409719933,4132256.915158421,4422029.210322269,148374000.0,154925719.3564984,141822280.6435016,0.7250554274028087,38.35062696539314,3246642.8571428573,0,0.01627610932833182,0,28,S
2025-05-28 09:00:00,151323000.0,151608000.0,149520000.0,150280000.0,1140.46411905,60.426951910769795,55.164498423226334,1756.5453270195,0.6492654083599058,3842836.1229100227,4306190.59283982,148649000.0,155024898.30203512,142273101.69796488,0.6279035457230709,36.6790738199051,3240000.0,0,0.012149248768994024,1,38,S
2025-05-29 09:00:00,150280000.0,151291000.0,147160000.0,147370000.0,1717.72520344,52.745322330255746,55.194389588584414,1738.4258032530001,0.9880923305589089,3340152.1845626235,4112982.911184381,148831500.0,154809918.2206544,142853081.7793456,0.3777686717407314,35.239028177296724,3320428.5714285714,0,0.01290699896908942,1,38,S
2025-06-04 09:00:00,147378000.0,147601000.0,145200000.0,145210000.0,1104.00724819,32.90594201511817,31.999204532742922,1612.7730882165,0.6845397261749181,1421787.901920408,2568996.527196761,149416950.0,154338249.549167,144495650.450833,0.07257732861312212,23.944706746634157,2963928.5714285714,0,0.013417312372154502,1,15,A
2025-06-05 09:00:00,145218000.0,146487000.0,140399000.0,141588000.0,2536.94255293,19.860120804759532,18.704074743481627,1675.8091247465,1.5138612837627101,793675.33514902,2213932.288787213,149173100.0,155092387.68474185,143253812.31525815,-0.1407105384953758,26.21552544604381,3166428.5714285714,1,0.0144798651841512,1,50,S
2025-06-13 09:00:00,145811000.0,147340000.0,143000000.0,147266000.0,2195.12537289,50.422342287497145,37.65179690447888,1327.2480116035,1.653892380097058,637917.0151917636,961498.3316129168,148039150.0,153432599.0976017,142645700.9023983,0.4283250860433823,45.029500757498894,3289142.8571428573,0,0.014644230996548267,1,17,A
2025-06-21 09:00:00,143956000.0,144427000.0,141151000.0,142782000.0,1092.57854726,39.41216522923286,30.740538108018214,1200.850385612,0.909837362214927,-557609.276492089,45537.835497816515,146251450.0,150793426.63786894,141709473.36213106,0.11806826888173536,30.606235915706,3073071.4285714286,0,0.013787824721189876,1,15,A
2025-06-22 09:00:00,142811000.0,144900000.0,137127000.0,140908000.0,3335.88004835,36.98024809668316,26.436510342780522,1307.7415279054999,2.55087108359463,-883876.8804902732,-140345.10769980145,145893150.0,150933065.674942,140853234.325058,0.005433193576459708,27.61129715937556,3514000.0,1,0.0139718870335566,1,42,S
2025-06-26 09:00:00,147365000.0,148205000.0,146500000.0,146852000.0,950.33860524,53.04478822643259,41.25530308253898,1311.0205635734999,0.724884591168902,-243512.2319599092,-317850.2935267707,146228550.0,150819528.17693052,141637571.82306948,0.5678994732683343,29.446455580793195,3546928.5714285714,0,0.014292964546620381,1,25,S
2025-06-27 09:00:00,146868000.0,147628000.0,146000000.0,147058000.0,758.41022582,49.35,44.56031897777452,1318.7810898994999,0.5750842437980332,-114974.86439278722,-277275.207699974,146255750.0,150860275.04551083,141651224.95448917,0.5871153910632055,27.819870050662207,3353214.285714286,0,0.014157557816607502,1,25,S
2025-06-28 09:00:00,147001000.0,147479000.0,146799000.0,147174000.0,291.28203061,52.5342600485214,43.637850115424484,1305.6915494355,0.22308640255497728,-3705.133513778448,-222561.1928627349,146324500.0,150941354.0895517,141707645.9104483,0.5919998751880081,26.440107907585567,3227214.285714286,0,0.014105473541632711,1,25,S
2025-06-29 09:00:00,147174000.0,148502000.0,147091000.0,147996000.0,650.95569906,56.3788371944604,47.17056178936639,1257.9482694555002,0.5174741401264176,149086.87938016653,-148231.57841415462,146207800.0,150505299.32671985,141910300.67328015,0.7080512251487516,24.147585591567967,3193714.285714286,0,0.012230134330220122,1,25,S
2025-06-30 09:00:00,147996000.0,148480000.0,145740000.0,145759000.0,944.35761221,47.3476494486361,40.19840162759286,1237.1885772720002,0.7633093528007733,88646.58316454291,-100855.94609841512,145965550.0,149733182.87266123,142197917.12733877,0.47258888976434354,24.727129805855053,3099928.5714285714,0,0.012625467115155614,1,25,S
2025-07-01 09:00:00,145759000.0,146678000.0,144710000.0,145019000.0,915.58085007,48.695755984002865,41.376065647699235,1228.9634087270001,0.7450025310504469,-18748.481769800186,-84434.45323269215,145731400.0,149080080.70801178,142382719.29198822,0.3936297512188053,24.86966475204716,2950714.285714286,0,0.012610254945225205,1,25,S
2025-07-02 09:00:00,145019000.0,148930000.0,144265000.0,147372000.0,1356.69500727,55.23384130320546,48.11783351755762,1218.2655922894999,1.11362827273185,85027.44720494747,-50542.07314516423,145809950.0,149238259.97032523,142381640.02967477,0.7278163313003774,24.31022269500013,3142642.8571428573,0,0.01179678941302278,1,25,S
2025-07-03 09:00:00,147372000.0,149755000.0,147364000.0,148737000.0,1182.41237517,59.40079027659681,53.543653398660226,1167.6299424035,1.0126602035710655,274253.28959593177,14416.999403054971,145883500.0,149501221.49869293,142265778.50130707,0.8943780637938769,24.766155958012416,3206285.714285714,0,0.011764941589766502,1,53,S
2025-07-04 09:00:00,148737000.0,149360000.0,146929000.0,147797000.0,819.64407007,59.6454221284717,55.01339104194679,1179.3921394385,0.6949716236537125,344396.00611770153,80412.80074598429,145953300.0,149665691.82936507,142240908.17063493,0.748316999490235,24.65003032530631,3106857.1428571427,0,0.011778202318324944,1,53,S
2025-07-05 09:00:00,147798000.0,148400000.0,147655000.0,148197000.0,289.92019607,64.14798557767676,59.39344028727432,1165.074439156,0.2488426372824926,427335.2169980705,149797.28399640156,146063300.0,149909120.21092206,142217479.78907794,0.7774050635466954,23.691378993501665,2926071.4285714286,0,0.01176102072436257,1,53,S
2025-07-06 09:00:00,148197000.0,149100000.0,147411000.0,148500000.0,574.67732795,71.6099282705226,74.97070519065602,1123.3695703695,0.5115656887171837,511617.10339155793,222161.24787543286,146154650.0,150145506.88068426,142163793.11931574,0.7938404044694627,24.51726973336121,2491500.0,0,0.011731024720269342,1,53,S
2025-07-07 09:00:00,148500000.0,149100000.0,147196000.0,148100000.0,832.29461691,57.55594075007878,64.91119910677753,1094.8250500585,0.760207867791779,539910.6941170394,285711.1371237542,146286850.0,150354687.8208628,142219012.1791372,0.7228640963389521,23.570852786132303,2098714.285714286,0,0.011571057302430979,1,53,S
2025-07-08 09:00:00,148100000.0,148890000.0,147100000.0,148302000.0,670.29249832,60.84947718245927,57.314201722009585,1084.8087740035,0.6178900045639172,572039.1689690053,342976.74349280447,146432950.0,150572902.833446,142292997.166554,0.7257332480819894,22.330915263604368,2071928.5714285714,0,0.0115659905893237,1,53,S
2025-07-09 09:00:00,148302000.0,151479000.0,148000000.0,150701000.0,1496.46774735,62.83471837488459,58.06702049908425,1124.5935842435001,1.3306742705247203,782065.3054602146,430794.4558862865,146719100.0,151211736.77822417,142226463.22177583,0.9431584608954241,22.151452978187375,2087571.4285714286,0,0.01200366856948919,1,53,S
2025-07-10 09:00:00,150750000.0,156960000.0,150200000.0,156519000.0,2648.04060121,76.4111250751325,63.70678204150171,1191.2145503895001,2.2229753660615974,1401817.2322785556,624999.0111647404,147347250.0,153440988.8013392,141253511.1986608,1.2525552291463775,24.32328520560293,2448642.8571428573,0,0.01431063643490983,0,50,S
2025-07-11 09:00:00,156517000.0,160744000.0,155000000.0,158187000.0,3339.42695041,78.15615038202702,74.55484767724874,1303.5569705470002,2.561780594068478,2004462.562608838,900891.72145356,148117500.0,155532673.93060017,140702326.06939983,1.1789793532992017,28.139485492028218,2742642.8571428573,0,0.014065861295303244,0,50,S
2025-07-12 09:00:00,158187000.0,159952000.0,157200000.0,159681000.0,1039.66662029,79.57996310486732,75.78011136712254,1188.746299144,0.8745908366138762,2572957.193920493,1235304.8159469469,149056150.0,157331594.80025727,140780705.19974273,1.141950387951938,31.859387806263893,2890642.8571428573,0,0.013405752110603509,1,53,S
2025-07-13 09:00:00,159683000.0,161754000.0,159450000.0,161740000.0,1227.16949574,80.70873179015103,76.70842463543633,1128.9571548925,1.086993860149504,3153288.233336538,1618901.4994248652,149834050.0,159736850.57091773,139931249.42908227,1.1011405518437416,36.16823628760642,2954428.5714285714,0,0.011382746262544924,1,53,S
2025-07-14 09:00:00,161740000.0,166800000.0,161357000.0,163923000.0,3490.7303061,90.68267335602938,84.49531530700781,1239.8476141340002,2.81545108149293,3746171.090618789,2044355.4176636501,150748950.0,162264180.1981241,139233719.8018759,1.072027209761995,39.9851070471482,3147500.0,0,0.011324995313563348,1,60,S
2025-07-15 09:00:00,163923000.0,164010000.0,158658000.0,160811000.0,3179.44960753,81.97278911564626,75.22458206999246,1332.89062217,2.385379231158313,3919738.3310465217,2419432.0003402247,151421250.0,163652413.71577558,139190086.28422442,0.8838453240507784,43.04864730538769,3389214.285714286,0,0.012518609991613321,1,60,S
2025-07-16 09:00:00,160811000.0,163210000.0,160175000.0,161250000.0,1841.21876947,80.45825651830393,75.90907976828397,1377.4346303815,1.3367013786781652,4046074.6210563183,2744760.5244834437,152141150.0,164922449.23838153,139359850.76161847,0.8563350575756269,47.10049523709389,3272785.714285714,0,0.012387882725789959,1,53,S
2025-07-17 09:00:00,161246000.0,163955000.0,160002000.0,162232000.0,2240.66691129,80.12411268360195,77.1156253916561,1451.547464655,1.5436401260378734,4177283.1146986783,3031265.0425264905,152899850.0,166201547.3554822,139598152.6445178,0.8507879389600541,51.503381320081516,3384357.1428571427,0,0.012365348126628253,1,60,S
2025-07-18 09:00:00,162232000.0,164446000.0,159301000.0,161100000.0,2771.33021866,79.44314107387898,70.92570150737421,1575.5498740575,1.7589606424346425,4142175.4317723513,3253447.120375663,153596150.0,167092367.0337118,140099932.9662882,0.7779982709694265,56.11889860809456,3578214.285714286,0,0.012623614928599848,1,60,S
2025-07-19 09:00:00,161098000.0,162470000.0,160788000.0,161428000.0,842.3510109,79.37741462764777,68.30631073702183,1585.1196396495,0.5314116296522954,4093630.3761261106,3421483.7715257527,154267750.0,167926428.87384966,140609071.12615034,0.7621135640617746,60.5024132079243,3645142.8571428573,0,0.012634064126335066,1,53,S
2025-07-20 09:00:00,161428000.0,162000000.0,159726000.0,160072000.0,1429.7828596,74.5460716103852,64.03625908700909,1609.390902019,0.8883999889686964,3900774.5020314455,3517341.9176268913,154983400.0,168259457.26823568,141707342.73176432,0.6916457535994136,61.46176419609149,3686928.5714285714,0,0.012167973236919235,1,53,S
2025-07-21 09:00:00,160072000.0,162300000.0,159350000.0,160096000.0,1982.32577051,75.85790653560959,61.261412276077834,1662.7281480409997,1.1922127936822056,3707137.854213357,3555301.1049441844,155737250.0,168325370.32914576,143149129.67085424,0.6731295017059862,63.34573122846785,3761642.8571428573,0,0.012000464869788277,1,53,S
2025-07-22 09:00:00,160094000.0,162990000.0,158750000.0,162321000.0,2730.46451082,77.79452000475833,66.04193371693647,1731.4166232185003,1.5770118377080076,3690674.522114128,3582375.7883781735,156484700.0,168752616.22335097,144216783.77664903,0.7378684323296519,65.43901963882944,3936642.8571428573,0,0.011896972803310684,1,60,S
2025-07-23 09:00:00,162321000.0,162848000.0,159192000.0,161990000.0,2098.23989394,74.38123623169625,59.99230124189585,1777.2079991569997,1.180638335487618,3609312.372781515,3587763.105258842,157147350.0,169080345.146585,145214354.853415,0.7029100800139805,67.05517892305595,3949285.714285714,0,0.01194760926808478,1,53,S
2025-07-24 09:00:00,162000000.0,162888000.0,159000000.0,160928000.0,2151.53591644,61.98423484642566,52.40061526733305,1843.8025914755003,1.1669014494215657,3419717.3854379356,3554153.961294661,157803900.0,168992483.31467724,146615316.68532276,0.6396110621038944,65.99310027401728,3744142.8571428573,0,0.011958810819728792,1,38,S
2025-08-01 09:00:00,161400000.0,161770000.0,158100000.0,158102000.0,2864.49971781,39.66349469038753,31.220300965721435,1948.8681122540002,1.4698273832891693,2122472.7501426935,2811426.1771567147,161499200.0,164166571.3928451,158831828.6071549,-0.1368067096154259,34.250098899637074,2703214.285714286,0,0.00980294758546782,1,15,A
2025-08-02 09:00:00,158101000.0,159362000.0,157115000.0,157376000.0,1322.24037421,36.402684563758385,30.648934994382643,1953.6216561775,0.6768149656966463,1676700.5288566947,2584481.047496711,161281000.0,164518484.4685667,158043515.5314333,-0.10309169633311625,32.253418705670484,2743571.4285714286,1,0.009317826709346161,1,35,S
2025-08-11 09:00:00,163860000.0,167000000.0,163350000.0,164210000.0,3218.61763068,54.94417406241053,52.07426681884751,1628.2260182595,1.9767634189512315,1349569.5650886893,1391860.2227021144,161157300.0,164735876.67089495,157578723.32910505,0.9265243252754682,15.524894056694075,2598142.8571428573,0,0.00997387808288241,1,45,S
2025-08-12 09:00:00,164210000.0,164990000.0,163000000.0,164298000.0,2238.75147187,53.37717739068611,43.83161031426046,1635.2515971560001,1.3690562820813603,1477005.6452565491,1408889.3072130014,161272700.0,165104252.28128374,157441147.71871626,0.8947877750197882,16.20759489947527,2614142.8571428573,0,0.009954266693247856,1,25,S
2025-08-13 09:00:00,164298000.0,168262000.0,163353000.0,168051000.0,2570.30205767,61.97853431110679,52.07959029156535,1656.1899042175003,1.5519367985064432,1859401.3702284694,1498991.7198160952,161628850.0,166506801.30745426,156750898.69254574,1.1582835288029596,18.289518848442107,2828500.0,0,0.010939755717560892,1,60,S
2025-08-14 09:00:00,168051000.0,169900000.0,162550000.0,164723000.0,4234.99357777,57.48907608450832,46.611702789182765,1734.8752820225004,2.441093963153874,1872327.9197622538,1573658.959805327,161854150.0,166871775.45118913,156836524.54881087,0.7858772568725819,20.16358407581826,3127642.8571428573,0,0.011927764673685793,0,22,A
2025-08-15 09:00:00,164723000.0,165885000.0,163010000.0,164122000.0,1381.99175784,65.43273174733389,49.15773933118028,1764.5109759775,0.7832151664992659,1813175.4680321813,1621562.261450698,162015250.0,167110187.874731,156920312.125269,0.7067493315717053,22.51167284741419,3070857.1428571427,0,0.011960890703532023,0,15,A
2025-08-16 09:00:00,164122000.0,164374000.0,162685000.0,163058000.0,813.45140276,64.31811309343817,50.06367489719659,1752.2922734775002,0.4642213031880066,1661290.4933942854,1629507.9078394156,162032300.0,167139393.5642187,156925206.4357813,0.600419151039865,24.94923540488868,3031000.0,0,0.011820080126884739,0,43,S
2025-08-31 09:00:00,151734000.0,152960000.0,150447000.0,150700000.0,1168.42444947,27.183145199838208,21.063071042299498,1944.2364052095,0.6009683011485926,-2180703.8268591464,-1114104.811283685,159046650.0,168451467.65177602,149641832.34822398,0.05625668093502006,35.41425345157754,3495285.714285714,1,0.013636811936058327,0,33,S
2025-09-06 09:00:00,154930000.0,155629000.0,154231000.0,154325000.0,472.77600266,35.65639330276208,42.73651851966464,1760.9453728520002,0.26847851724911787,-1630102.0730181336,-1648784.3364137723,156019700.0,161983241.374579,150056158.625421,0.35791160876119227,36.99947667265585,3206571.4285714286,0,0.012961577586021825,0,15,A
2025-09-07 09:00:00,154325000.0,155784000.0,154200000.0,155001000.0,487.36392303,42.49192059095106,48.343825726272435,1683.985919463,0.28941092523232836,-1506977.9655836225,-1620423.0622477424,155694100.0,161077686.55251506,150310513.44748494,0.43562841488299253,38.35778062624651,3005285.714285714,0,0.012939787594028262,0,15,A
2025-09-08 09:00:00,155001000.0,156838000.0,154592000.0,156048000.0,850.15690616,50.483222282249834,56.80555684861298,1617.3157931155,0.5256591877596822,-1309818.303455919,-1558302.1104893778,155637900.0,160979832.58543837,150295967.41456163,0.5383849845950786,38.55229518122487,2976142.8571428573,0,0.011654930902974226,1,53,S
2025-09-09 09:00:00,156048000.0,157200000.0,154697000.0,155450000.0,1398.29118063,46.32651823090456,59.5484072812996,1602.8535597655,0.8723761270084912,-1188125.4820914268,-1484266.7848097878,155452950.0,160532745.0839317,150373154.9160683,0.4997096339565614,37.676295548361146,2911000.0,0,0.011272362883747567,1,53,S
2025-09-10 09:00:00,155451000.0,158800000.0,154950000.0,158561000.0,1438.34464883,58.195700438620236,66.89152545221545,1619.672548395,0.8880465685828379,-831071.2718247473,-1353627.6822127798,155494150.0,160664503.80139297,150323796.19860703,0.7965802842325552,35.099282856262796,3014571.4285714286,0,0.01204974741975508,0,43,S
2025-09-11 09:00:00,158562000.0,160400000.0,157777000.0,160375000.0,1550.22561596,59.53454240486424,67.57008077358394,1532.030299097,1.0118766037941447,-397150.49430155754,-1162332.2446305354,155454100.0,160448556.92321944,150459643.07678056,0.9926361439942075,32.198998909231925,3017928.5714285714,0,0.01127583505969515,1,53,S
2025-09-12 09:00:00,160395000.0,161794000.0,160000000.0,161101000.0,1460.8794118,78.83097397090482,80.90675302570469,1543.5103971390001,0.9464655466576952,5256.3883083462715,-928814.518042759,155523900.0,160799598.76239905,150248201.23760095,1.0285650537658726,31.21642506653936,2718928.5714285714,0,0.011118422454929527,1,53,S
2025-09-13 09:00:00,161110000.0,161369000.0,159461000.0,160536000.0,1011.50487891,78.64115579851621,83.52121897299861,1485.1347391745,0.6810862692985262,275401.30900493264,-687971.3526332207,155670550.0,161338095.70385304,150003004.29614696,0.9292378265862292,30.706374633420385,2672142.8571428573,0,0.010695870987702982,1,53,S
2025-09-14 09:00:00,160536000.0,161200000.0,159899000.0,160338000.0,734.22633687,83.16586373021335,83.1597960277305,1392.431901943,0.5272978418876071,468119.96414890885,-456753.0892767948,155893100.0,161933712.931605,149852487.068395,0.8679179621610829,30.426579435633432,2585571.4285714286,0,0.010344275595471231,1,53,S
2025-09-15 09:00:00,160338000.0,161791000.0,159500000.0,160705000.0,1328.26487987,81.4387615723175,82.43043116820652,1342.9379956285,0.9890738695261706,643052.0163084567,-236792.06815974452,156095300.0,162503679.1562708,149686920.8437292,0.8596619275787749,31.76135112147835,2478571.4285714286,0,0.010313807772472252,1,53,S
2025-09-16 09:00:00,160705000.0,162334000.0,160125000.0,162167000.0,1013.13497679,79.96559914816939,81.48567801227027,1324.6745597865,0.7648180221361606,889405.5954498947,-11552.535437816678,156426950.0,163376700.99818993,149477199.00181007,0.9129680330629835,34.76820713526302,2317714.285714286,0,0.010248642392745597,1,53,S
2025-09-17 09:00:00,162200000.0,163000000.0,160210000.0,161468000.0,1630.74076706,75.55952751010258,82.2279684205597,1347.2198987489999,1.2104488425195261,1016521.2988176644,194062.23141327954,156663500.0,163970560.33482975,149356439.66517025,0.8287573784698976,38.05250182725654,2376428.5714285714,0,0.010256505415115833,1,53,S
2025-09-18 09:00:00,161468000.0,163333000.0,161372000.0,162478000.0,1738.78345738,76.45605629585268,83.00421062356773,1288.3406968355,1.3496301573418465,1185098.8863700032,392269.5624046243,157174300.0,164612950.78598192,149735649.21401808,0.856496100744155,42.08747991395803,2272071.4285714286,0,0.007451736220481942,1,53,S
2025-09-19 09:00:00,162478000.0,163080000.0,161500000.0,162138000.0,1389.24628029,77.26584959903163,74.2566522391277,1274.757058955,1.0898125807821406,1276547.4363170564,569125.1371871107,157694500.0,164984919.6543712,150404080.3456288,0.8047492607188778,45.25342193792975,2145571.4285714286,0,0.0073923213847405045,1,53,S
2025-09-20 09:00:00,162162000.0,162486000.0,162000000.0,162236000.0,694.36542049,81.11871607269295,77.37052210856456,1251.054107506,0.5550242921740856,1341465.275320381,723593.1648137649,158271300.0,165038275.00948152,151504324.99051848,0.7929447791993377,48.75535522276535,2080428.5714285714,0,0.007032970425739042,1,53,S
2025-09-21 09:00:00,162236000.0,162239000.0,161372000.0,161412000.0,956.39786821,74.92806594603002,72.40741426401095,1191.4963667060001,0.8026863488086403,1311307.2827979624,841135.9884106044,158720950.0,165030218.78655937,152411681.21344063,0.7132616386333659,52.28556237558695,2029214.2857142857,0,0.007050488210923417,1,53,S
2025-09-22 09:00:00,161410000.0,161631000.0,159000000.0,160730000.0,3058.73284497,68.73699375700336,59.81849023035634,1248.4022890305,2.4501179402237314,1218330.9948354065,916574.9896955648,159014950.0,165109053.32681474,152920846.67318526,0.64071389243218,53.5868446384474,2056714.2857142857,0,0.006506521304813034,1,60,S
2025-09-23 09:00:00,160731000.0,161350000.0,158668000.0,159679000.0,1105.98353873,66.33196879586005,60.616469547720946,1251.691677177,0.8835910303601103,1047761.755037576,942812.3427639671,159254400.0,165034310.33986187,153474489.66013813,0.5367306735773818,55.16111014069832,2069500.0,0,0.0067682305077750825,1,53,S
2025-09-24 09:00:00,159680000.0,161200000.0,159001000.0,160700000.0,989.63619655,59.85078751036198,59.727580730323666,1247.666244451,0.7931898462039912,983631.8747966886,950976.2491705115,159518900.0,165036262.44766894,154001537.55233106,0.6070348387660311,55.81025285209221,1951571.4285714286,0,0.006844653660897482,1,53,S
2025-09-25 09:00:00,160700000.0,161037000.0,158000000.0,158200000.0,2072.65761536,40.57870570908776,50.12161374459387,1269.0856375275,1.6331897187001985,722747.9871458709,905330.5967655835,159682400.0,164807014.8774425,154557785.1225575,0.35536474101446947,56.227511104674626,1981142.857142857,0,0.007804059086578677,1,45,S
2025-09-27 09:00:00,158129000.0,158250000.0,157126000.0,157895000.0,599.24007712,37.49171166050962,43.11978780561374,1332.8527209945,0.4495921174793271,308944.5265518427,721899.9664132823,160017250.0,164056379.55057344,155978120.44942656,0.23728869383519743,55.107748439172674,1954642.857142857,1,0.0077118455857512,1,30,S
2025-09-30 09:00:00,162976000.0,163655000.0,161111000.0,162828000.0,1347.68465165,52.402064103495896,45.87529655023331,1349.743472225,0.9984746578758361,761681.0241816342,664608.7411634661,160833450.0,163821328.84451053,157845571.15548947,0.8337735737954173,43.041140008157974,2232071.4285714286,0,0.007823959062438266,1,25,S
2025-10-01 09:00:00,162828000.0,168429000.0,162789000.0,168424000.0,2391.53349082,68.64279588336191,48.06534132418531,1391.8088659680002,1.7182916054760822,1327263.3873271644,797139.6703962059,161235900.0,165744889.79933712,156726910.20066288,1.297085413794543,40.553888878284134,2435642.8571428573,0,0.0105750004313068,0,22,A
2025-10-02 09:00:00,168424000.0,170903000.0,167709000.0,170704000.0,2634.57350068,70.64137308039747,50.51415193744632,1450.493570412,1.8163289754753429,1937138.3056055605,1025139.3974380768,161716050.0,167899015.3412037,155533084.6587963,1.2268316660376297,37.48198093906704,2523714.285714286,0,0.010853967301688746,0,50,S
2025-10-03 09:00:00,170749000.0,174995000.0,169100000.0,173460000.0,2241.08106806,75.33792856503447,58.85552489775069,1511.9723798695,1.4822235497803407,2612736.7366714776,1342658.865284757,162362250.0,170437741.0784357,154286758.9215643,1.1871253953604612,35.35099619938665,2831928.5714285714,0,0.011124385259847418,0,43,S
2025-10-04 09:00:00,173460000.0,174990000.0,172673000.0,174964000.0,2463.17052828,76.79804615125484,62.13099383159173,1598.41958944,1.5410037167668609,3232254.177117169,1720577.9276512396,163093550.0,172867574.7913054,153319525.2086946,1.1072447253540583,32.8208792243223,2962714.285714286,0,0.011102523063958196,0,50,S
2025-10-05 09:00:00,174986000.0,178651000.0,174270000.0,177024000.0,3767.82109651,81.24399615754083,69.89103572775775,1720.397400272,2.190087648303989,3845126.768040508,2145487.695729093,163909500.0,175415212.0002014,152403787.9997986,1.0699125790637918,31.981309215147814,3213714.285714286,0,0.011208220858017965,0,50,S
2025-10-06 09:00:00,177002000.0,178790000.0,176500000.0,177536000.0,2611.57241052,83.86394777141936,80.71547495926754,1800.3192719585,1.4506162607918807,4322321.797760636,2580854.516135402,164677950.0,177652796.75054005,151703103.24945995,0.9954991086682705,35.33781125494726,3189357.1428571427,0,0.011171931628091145,0,43,S
2025-10-07 09:00:00,177562000.0,178400000.0,174385000.0,175460000.0,3389.80439054,80.53717249119548,73.76679941768066,1888.2724531325002,1.7951881810893193,4481328.481470019,2960949.3092023255,165377550.0,179110388.85206705,151644711.14793295,0.8670927078009948,38.21990179905926,3284571.4285714286,0,0.011595664663756906,0,50,S
2025-10-08 09:00:00,175490000.0,178617000.0,175460000.0,178011000.0,2463.9288202,81.62519639007635,75.1827064813028,1924.5297212735,1.280275795673121,4758335.672621608,3320426.581886182,166154200.0,180915026.98581833,151393373.01418167,0.9016306136299677,42.050293923912065,3353000.0,0,0.011817734853536939,0,43,S
2025-10-09 09:00:00,177853000.0,179869000.0,176496000.0,177616000.0,2825.3725964,88.42621912602914,82.1742259807634,1996.336037079,1.4152790632052257,4889628.0796762705,3634266.8814442,166928100.0,182407826.203209,151448373.796791,0.8452225142646371,46.328446467750425,3377000.0,0,0.011821557987022604,0,43,S
2025-10-10 09:00:00,177616000.0,178151000.0,165000000.0,172257000.0,6799.93776544,73.12362934110176,70.19820477104263,2301.6146543265,2.954420607575512,4509271.668341041,3809267.8388235685,167429150.0,182918123.91559216,151940176.08440784,0.6558479608239247,44.725104526559676,4158714.285714286,0,0.014147992577131493,0,50,S
2025-10-11 09:00:00,172180000.0,173937000.0,166500000.0,170390000.0,4416.69331273,69.41121640515769,63.50651405461445,2474.6294265525003,1.784789781184758,4010949.4467155337,3849604.1604019618,167878050.0,183151658.47964466,152604441.52035534,0.5822317137219967,43.40382680061299,4609642.857142857,0,0.014379865706619449,0,50,S
2025-10-12 09:00:00,170390000.0,174909000.0,168132000.0,173833000.0,3435.1907301,70.11595434677028,65.5720284774424,2493.452320809,1.3776845466150536,3849472.498755753,3849577.82807272,168533200.0,183638982.65851578,153427417.34148422,0.6754228867119398,44.439485918284724,4862214.285714285,0,0.014783022611436861,0,28,S
2025-10-13 09:00:00,173833000.0,175337000.0,170778000.0,171680000.0,2243.15905637,63.308868501529055,66.19360266365044,2550.311096691,0.8795629126503327,3507341.3002259433,3781130.522503365,169133250.0,183702008.743139,154564491.256861,0.5874044949505175,44.75323047591397,4909285.714285715,0,0.015058257677295512,0,28,S
2025-10-14 09:00:00,171695000.0,172444000.0,168000000.0,170070000.0,2556.34346069,60.599496516597384,61.46886365028419,2628.646459898,0.9724942093541155,3070887.0415461957,3639081.826311931,169601750.0,183620905.49487463,155582594.50512537,0.5167003640187596,44.37086227546727,5045000.0,0,0.015322481593068708,0,28,S
2025-10-15 09:00:00,170109000.0,170740000.0,168001000.0,168539000.0,1724.32577247,50.191048941754985,57.06527371557265,2611.2298677535,0.6603500495165048,2571808.78142336,3425627.217334217,170118700.0,183091012.31426948,157146387.68573052,0.43911262843007803,42.73648147023852,4837785.714285715,0,0.014971910933994617,0,28,S
2025-10-16 09:00:00,168642000.0,169990000.0,168485000.0,169800000.0,199.5378141,48.44556021734645,54.57954475140407,2539.394682563,0.07857692050398693,2252077.2809690237,3190917.2300611786,170702300.0,182389874.29427555,159014725.70572445,0.4613991758562794,41.25393300336763,4717142.857142857,0,0.014972980714272607,0,28,S
