asset,variant,return_pct,mdd_pct,sharpe,trades,win_rate_pct,bh_pct,alpha_vs_bh_pct,stage1,trigger,trail
BTC,baseline_v1,-16.00,-24.97,-0.63,5,20.00,119.21,-135.21,,,12.0
BTC,trend_stage_v2_grid,-7.35,-17.33,-0.30,7,28.57,119.21,-126.56,0.35,0.8,10.0
BTC,trend_stage_v2_grid,-10.81,-19.79,-0.46,7,28.57,119.21,-130.02,0.35,0.8,12.0
BTC,trend_stage_v2_grid,-16.67,-23.50,-0.73,7,28.57,119.21,-135.87,0.35,0.8,14.0
BTC,trend_stage_v2_grid,-7.86,-17.79,-0.33,7,28.57,119.21,-127.07,0.35,1.5,10.0
BTC,trend_stage_v2_grid,-11.31,-20.24,-0.49,7,28.57,119.21,-130.52,0.35,1.5,12.0
BTC,trend_stage_v2_grid,-17.13,-23.92,-0.77,7,28.57,119.21,-136.33,0.35,1.5,14.0
BTC,trend_stage_v2_grid,-9.28,-18.35,-0.45,7,28.57,119.21,-128.48,0.35,2.5,10.0
BTC,trend_stage_v2_grid,-12.66,-20.77,-0.61,7,28.57,119.21,-131.87,0.35,2.5,12.0
BTC,trend_stage_v2_grid,-18.38,-25.08,-0.90,7,28.57,119.21,-137.59,0.35,2.5,14.0
BTC,trend_stage_v2_grid,-6.84,-17.01,-0.27,7,28.57,119.21,-126.05,0.45,0.8,10.0
BTC,trend_stage_v2_grid,-10.33,-19.48,-0.44,7,28.57,119.21,-129.54,0.45,0.8,12.0
BTC,trend_stage_v2_grid,-16.22,-23.09,-0.71,7,28.57,119.21,-135.42,0.45,0.8,14.0
BTC,trend_stage_v2_grid,-7.25,-17.37,-0.30,7,28.57,119.21,-126.46,0.45,1.5,10.0
BTC,trend_stage_v2_grid,-10.72,-19.83,-0.46,7,28.57,119.21,-129.93,0.45,1.5,12.0
BTC,trend_stage_v2_grid,-16.57,-23.42,-0.73,7,28.57,119.21,-135.78,0.45,1.5,14.0
BTC,trend_stage_v2_grid,-8.35,-17.80,-0.38,7,28.57,119.21,-127.56,0.45,2.5,10.0
BTC,trend_stage_v2_grid,-11.78,-20.24,-0.55,7,28.57,119.21,-130.99,0.45,2.5,12.0
BTC,trend_stage_v2_grid,-17.56,-24.32,-0.83,7,28.57,119.21,-136.77,0.45,2.5,14.0
BTC,trend_stage_v2_grid,-6.34,-16.69,-0.24,7,28.57,119.21,-125.55,0.55,0.8,10.0
BTC,trend_stage_v2_grid,-9.85,-19.17,-0.41,7,28.57,119.21,-129.05,0.55,0.8,12.0
BTC,trend_stage_v2_grid,-15.76,-22.68,-0.68,7,28.57,119.21,-134.97,0.55,0.8,14.0
BTC,trend_stage_v2_grid,-6.63,-16.95,-0.26,7,28.57,119.21,-125.84,0.55,1.5,10.0
BTC,trend_stage_v2_grid,-10.12,-19.42,-0.43,7,28.57,119.21,-129.33,0.55,1.5,12.0
BTC,trend_stage_v2_grid,-16.02,-22.92,-0.70,7,28.57,119.21,-135.23,0.55,1.5,14.0
BTC,trend_stage_v2_grid,-7.42,-17.26,-0.32,7,28.57,119.21,-126.63,0.55,2.5,10.0
BTC,trend_stage_v2_grid,-10.89,-19.72,-0.49,7,28.57,119.21,-130.09,0.55,2.5,12.0
BTC,trend_stage_v2_grid,-16.73,-23.56,-0.77,7,28.57,119.21,-135.94,0.55,2.5,14.0
ETH,baseline_v1,10.21,-21.25,0.41,5,60.00,47.66,-37.45,,,12.0
ETH,trend_stage_v2_grid,0.09,-19.92,0.07,7,42.86,47.66,-47.57,0.35,0.8,10.0
ETH,trend_stage_v2_grid,-5.14,-24.10,-0.17,7,42.86,47.66,-52.79,0.35,0.8,12.0
ETH,trend_stage_v2_grid,2.67,-25.89,0.19,5,40.00,47.66,-44.99,0.35,0.8,14.0
ETH,trend_stage_v2_grid,0.09,-19.92,0.07,7,42.86,47.66,-47.57,0.35,1.5,10.0
ETH,trend_stage_v2_grid,-5.14,-24.10,-0.17,7,42.86,47.66,-52.79,0.35,1.5,12.0
ETH,trend_stage_v2_grid,2.67,-25.89,0.19,5,40.00,47.66,-44.99,0.35,1.5,14.0
ETH,trend_stage_v2_grid,-1.09,-20.86,0.01,7,42.86,47.66,-48.75,0.35,2.5,10.0
ETH,trend_stage_v2_grid,-6.25,-24.99,-0.23,7,42.86,47.66,-53.91,0.35,2.5,12.0
ETH,trend_stage_v2_grid,1.46,-26.76,0.14,5,40.00,47.66,-46.20,0.35,2.5,14.0
ETH,trend_stage_v2_grid,1.57,-19.58,0.15,7,42.86,47.66,-46.09,0.45,0.8,10.0
ETH,trend_stage_v2_grid,-3.73,-23.78,-0.10,7,42.86,47.66,-51.39,0.45,0.8,12.0
ETH,trend_stage_v2_grid,3.13,-25.57,0.21,5,40.00,47.66,-44.53,0.45,0.8,14.0
ETH,trend_stage_v2_grid,1.57,-19.58,0.15,7,42.86,47.66,-46.09,0.45,1.5,10.0
ETH,trend_stage_v2_grid,-3.73,-23.78,-0.10,7,42.86,47.66,-51.39,0.45,1.5,12.0
ETH,trend_stage_v2_grid,3.13,-25.57,0.21,5,40.00,47.66,-44.53,0.45,1.5,14.0
ETH,trend_stage_v2_grid,0.64,-20.32,0.10,7,42.86,47.66,-47.02,0.45,2.5,10.0
ETH,trend_stage_v2_grid,-4.61,-24.47,-0.15,7,42.86,47.66,-52.27,0.45,2.5,12.0
ETH,trend_stage_v2_grid,2.19,-26.25,0.17,5,40.00,47.66,-45.47,0.45,2.5,14.0
ETH,trend_stage_v2_grid,3.06,-19.24,0.22,7,42.86,47.66,-44.59,0.55,0.8,10.0
ETH,trend_stage_v2_grid,-2.32,-23.46,-0.03,7,42.86,47.66,-49.98,0.55,0.8,12.0
ETH,trend_stage_v2_grid,3.59,-25.25,0.23,5,40.00,47.66,-44.07,0.55,0.8,14.0
ETH,trend_stage_v2_grid,3.06,-19.24,0.22,7,42.86,47.66,-44.59,0.55,1.5,10.0
ETH,trend_stage_v2_grid,-2.32,-23.46,-0.03,7,42.86,47.66,-49.98,0.55,1.5,12.0
ETH,trend_stage_v2_grid,3.59,-25.25,0.23,5,40.00,47.66,-44.07,0.55,1.5,14.0
ETH,trend_stage_v2_grid,2.39,-19.77,0.19,7,42.86,47.66,-45.27,0.55,2.5,10.0
ETH,trend_stage_v2_grid,-2.95,-23.96,-0.06,7,42.86,47.66,-50.61,0.55,2.5,12.0
ETH,trend_stage_v2_grid,2.91,-25.73,0.20,5,40.00,47.66,-44.75,0.55,2.5,14.0
